append_cppflags: checking for whether -I/home/linuxbrew/.linuxbrew/opt/openssl@3/include is accepted as CPPFLAGS... -------------------- yes

LD_LIBRARY_PATH=.:/home/y-kawahara/.rbenv/versions/3.4.5/lib:/home/linuxbrew/.linuxbrew/opt/openssl@3/lib:/home/linuxbrew/.linuxbrew/opt/openssl@3/lib: ASAN_OPTIONS=detect_leaks=0 "gcc -o conftest -I/home/y-kawahara/.rbenv/versions/3.4.5/include/ruby-3.4.0/x86_64-linux -I/home/y-kawahara/.rbenv/versions/3.4.5/include/ruby-3.4.0/ruby/backward -I/home/y-kawahara/.rbenv/versions/3.4.5/include/ruby-3.4.0 -I.    -fstack-protector-strong -U_FORTIFY_SOURCE -D_FORTIFY_SOURCE=2  -O3 -fno-fast-math -ggdb3 -Wall -Wextra -Wdeprecated-declarations -Wdiv-by-zero -Wduplicated-cond -Wimplicit-function-declaration -Wimplicit-int -Wpointer-arith -Wwrite-strings -Wold-style-definition -Wimplicit-fallthrough=0 -Wmissing-noreturn -Wno-cast-function-type -Wno-constant-logical-operand -Wno-long-long -Wno-missing-field-initializers -Wno-overlength-strings -Wno-packed-bitfield-compat -Wno-parentheses-equality -Wno-self-assign -Wno-tautological-compare -Wno-unused-parameter -Wno-unused-value -Wsuggest-attribute=format -Wsuggest-attribute=noreturn -Wunused-variable -Wmisleading-indentation -Wundef  -fPIC conftest.c -L. -L/home/y-kawahara/.rbenv/versions/3.4.5/lib -Wl,-rpath,/home/y-kawahara/.rbenv/versions/3.4.5/lib -L. -fstack-protector-strong -rdynamic -Wl,-export-dynamic -Wl,--no-as-needed     -Wl,-rpath,/home/y-kawahara/.rbenv/versions/3.4.5/lib -L/home/y-kawahara/.rbenv/versions/3.4.5/lib -lruby  -lm -lpthread  -lc"
checked program was:
/* begin */
1: #include "ruby.h"
2: 
3: int main(int argc, char **argv)
4: {
5:   return !!argv[argc];
6: }
/* end */

LD_LIBRARY_PATH=.:/home/y-kawahara/.rbenv/versions/3.4.5/lib:/home/linuxbrew/.linuxbrew/opt/openssl@3/lib:/home/linuxbrew/.linuxbrew/opt/openssl@3/lib: ASAN_OPTIONS=detect_leaks=0 "gcc -I/home/y-kawahara/.rbenv/versions/3.4.5/include/ruby-3.4.0/x86_64-linux -I/home/y-kawahara/.rbenv/versions/3.4.5/include/ruby-3.4.0/ruby/backward -I/home/y-kawahara/.rbenv/versions/3.4.5/include/ruby-3.4.0 -I.    -fstack-protector-strong -U_FORTIFY_SOURCE -D_FORTIFY_SOURCE=2  -O3 -fno-fast-math -ggdb3 -Wall -Wextra -Wdeprecated-declarations -Wdiv-by-zero -Wduplicated-cond -Wimplicit-function-declaration -Wimplicit-int -Wpointer-arith -Wwrite-strings -Wold-style-definition -Wimplicit-fallthrough=0 -Wmissing-noreturn -Wno-cast-function-type -Wno-constant-logical-operand -Wno-long-long -Wno-missing-field-initializers -Wno-overlength-strings -Wno-packed-bitfield-compat -Wno-parentheses-equality -Wno-self-assign -Wno-tautological-compare -Wno-unused-parameter -Wno-unused-value -Wsuggest-attribute=format -Wsuggest-attribute=noreturn -Wunused-variable -Wmisleading-indentation -Wundef  -fPIC  -I/home/linuxbrew/.linuxbrew/opt/openssl@3/include -Werror -c conftest.c"
checked program was:
/* begin */
1: #include "ruby.h"
2: 
3: int main(int argc, char **argv)
4: {
5:   return !!argv[argc];
6: }
/* end */

--------------------

append_ldflags: checking for whether -L/home/linuxbrew/.linuxbrew/opt/openssl@3/lib is accepted as LDFLAGS... -------------------- yes

LD_LIBRARY_PATH=.:/home/y-kawahara/.rbenv/versions/3.4.5/lib:/home/linuxbrew/.linuxbrew/opt/openssl@3/lib:/home/linuxbrew/.linuxbrew/opt/openssl@3/lib: ASAN_OPTIONS=detect_leaks=0 "gcc -o conftest -I/home/y-kawahara/.rbenv/versions/3.4.5/include/ruby-3.4.0/x86_64-linux -I/home/y-kawahara/.rbenv/versions/3.4.5/include/ruby-3.4.0/ruby/backward -I/home/y-kawahara/.rbenv/versions/3.4.5/include/ruby-3.4.0 -I.    -I/home/linuxbrew/.linuxbrew/opt/openssl@3/include -fstack-protector-strong -U_FORTIFY_SOURCE -D_FORTIFY_SOURCE=2  -O3 -fno-fast-math -ggdb3 -Wall -Wextra -Wdeprecated-declarations -Wdiv-by-zero -Wduplicated-cond -Wimplicit-function-declaration -Wimplicit-int -Wpointer-arith -Wwrite-strings -Wold-style-definition -Wimplicit-fallthrough=0 -Wmissing-noreturn -Wno-cast-function-type -Wno-constant-logical-operand -Wno-long-long -Wno-missing-field-initializers -Wno-overlength-strings -Wno-packed-bitfield-compat -Wno-parentheses-equality -Wno-self-assign -Wno-tautological-compare -Wno-unused-parameter -Wno-unused-value -Wsuggest-attribute=format -Wsuggest-attribute=noreturn -Wunused-variable -Wmisleading-indentation -Wundef  -fPIC conftest.c -L. -L/home/y-kawahara/.rbenv/versions/3.4.5/lib -Wl,-rpath,/home/y-kawahara/.rbenv/versions/3.4.5/lib -L. -fstack-protector-strong -rdynamic -Wl,-export-dynamic -Wl,--no-as-needed -L/home/linuxbrew/.linuxbrew/opt/openssl@3/lib    -Wl,-rpath,/home/y-kawahara/.rbenv/versions/3.4.5/lib -L/home/y-kawahara/.rbenv/versions/3.4.5/lib -lruby  -lm -lpthread  -lc"
checked program was:
/* begin */
1: #include "ruby.h"
2: 
3: int main(int argc, char **argv)
4: {
5:   return !!argv[argc];
6: }
/* end */

--------------------

append_cflags: checking for whether -std=c99 is accepted as CFLAGS... -------------------- yes

LD_LIBRARY_PATH=.:/home/y-kawahara/.rbenv/versions/3.4.5/lib:/home/linuxbrew/.linuxbrew/opt/openssl@3/lib:/home/linuxbrew/.linuxbrew/opt/openssl@3/lib: ASAN_OPTIONS=detect_leaks=0 "gcc -I/home/y-kawahara/.rbenv/versions/3.4.5/include/ruby-3.4.0/x86_64-linux -I/home/y-kawahara/.rbenv/versions/3.4.5/include/ruby-3.4.0/ruby/backward -I/home/y-kawahara/.rbenv/versions/3.4.5/include/ruby-3.4.0 -I.    -I/home/linuxbrew/.linuxbrew/opt/openssl@3/include -fstack-protector-strong -U_FORTIFY_SOURCE -D_FORTIFY_SOURCE=2  -O3 -fno-fast-math -ggdb3 -Wall -Wextra -Wdeprecated-declarations -Wdiv-by-zero -Wduplicated-cond -Wimplicit-function-declaration -Wimplicit-int -Wpointer-arith -Wwrite-strings -Wold-style-definition -Wimplicit-fallthrough=0 -Wmissing-noreturn -Wno-cast-function-type -Wno-constant-logical-operand -Wno-long-long -Wno-missing-field-initializers -Wno-overlength-strings -Wno-packed-bitfield-compat -Wno-parentheses-equality -Wno-self-assign -Wno-tautological-compare -Wno-unused-parameter -Wno-unused-value -Wsuggest-attribute=format -Wsuggest-attribute=noreturn -Wunused-variable -Wmisleading-indentation -Wundef  -fPIC  -std=c99 -Werror -c conftest.c"
checked program was:
/* begin */
1: #include "ruby.h"
2: 
3: int main(int argc, char **argv)
4: {
5:   return !!argv[argc];
6: }
/* end */

--------------------

append_cflags: checking for whether -Wno-declaration-after-statement is accepted as CFLAGS... -------------------- yes

LD_LIBRARY_PATH=.:/home/y-kawahara/.rbenv/versions/3.4.5/lib:/home/linuxbrew/.linuxbrew/opt/openssl@3/lib:/home/linuxbrew/.linuxbrew/opt/openssl@3/lib: ASAN_OPTIONS=detect_leaks=0 "gcc -I/home/y-kawahara/.rbenv/versions/3.4.5/include/ruby-3.4.0/x86_64-linux -I/home/y-kawahara/.rbenv/versions/3.4.5/include/ruby-3.4.0/ruby/backward -I/home/y-kawahara/.rbenv/versions/3.4.5/include/ruby-3.4.0 -I.    -I/home/linuxbrew/.linuxbrew/opt/openssl@3/include -fstack-protector-strong -U_FORTIFY_SOURCE -D_FORTIFY_SOURCE=2  -O3 -fno-fast-math -ggdb3 -Wall -Wextra -Wdeprecated-declarations -Wdiv-by-zero -Wduplicated-cond -Wimplicit-function-declaration -Wimplicit-int -Wpointer-arith -Wwrite-strings -Wold-style-definition -Wimplicit-fallthrough=0 -Wmissing-noreturn -Wno-cast-function-type -Wno-constant-logical-operand -Wno-long-long -Wno-missing-field-initializers -Wno-overlength-strings -Wno-packed-bitfield-compat -Wno-parentheses-equality -Wno-self-assign -Wno-tautological-compare -Wno-unused-parameter -Wno-unused-value -Wsuggest-attribute=format -Wsuggest-attribute=noreturn -Wunused-variable -Wmisleading-indentation -Wundef  -fPIC -std=c99  -Wno-declaration-after-statement -Werror -c conftest.c"
checked program was:
/* begin */
1: #include "ruby.h"
2: 
3: int main(int argc, char **argv)
4: {
5:   return !!argv[argc];
6: }
/* end */

--------------------

append_cflags: checking for whether -O2 is accepted as CFLAGS... -------------------- yes

LD_LIBRARY_PATH=.:/home/y-kawahara/.rbenv/versions/3.4.5/lib:/home/linuxbrew/.linuxbrew/opt/openssl@3/lib:/home/linuxbrew/.linuxbrew/opt/openssl@3/lib: ASAN_OPTIONS=detect_leaks=0 "gcc -I/home/y-kawahara/.rbenv/versions/3.4.5/include/ruby-3.4.0/x86_64-linux -I/home/y-kawahara/.rbenv/versions/3.4.5/include/ruby-3.4.0/ruby/backward -I/home/y-kawahara/.rbenv/versions/3.4.5/include/ruby-3.4.0 -I.    -I/home/linuxbrew/.linuxbrew/opt/openssl@3/include -fstack-protector-strong -U_FORTIFY_SOURCE -D_FORTIFY_SOURCE=2  -O3 -fno-fast-math -ggdb3 -Wall -Wextra -Wdeprecated-declarations -Wdiv-by-zero -Wduplicated-cond -Wimplicit-function-declaration -Wimplicit-int -Wpointer-arith -Wwrite-strings -Wold-style-definition -Wimplicit-fallthrough=0 -Wmissing-noreturn -Wno-cast-function-type -Wno-constant-logical-operand -Wno-long-long -Wno-missing-field-initializers -Wno-overlength-strings -Wno-packed-bitfield-compat -Wno-parentheses-equality -Wno-self-assign -Wno-tautological-compare -Wno-unused-parameter -Wno-unused-value -Wsuggest-attribute=format -Wsuggest-attribute=noreturn -Wunused-variable -Wmisleading-indentation -Wundef  -fPIC -std=c99 -Wno-declaration-after-statement  -O2 -Werror -c conftest.c"
checked program was:
/* begin */
1: #include "ruby.h"
2: 
3: int main(int argc, char **argv)
4: {
5:   return !!argv[argc];
6: }
/* end */

--------------------

append_cflags: checking for whether -g is accepted as CFLAGS... -------------------- yes

LD_LIBRARY_PATH=.:/home/y-kawahara/.rbenv/versions/3.4.5/lib:/home/linuxbrew/.linuxbrew/opt/openssl@3/lib:/home/linuxbrew/.linuxbrew/opt/openssl@3/lib: ASAN_OPTIONS=detect_leaks=0 "gcc -I/home/y-kawahara/.rbenv/versions/3.4.5/include/ruby-3.4.0/x86_64-linux -I/home/y-kawahara/.rbenv/versions/3.4.5/include/ruby-3.4.0/ruby/backward -I/home/y-kawahara/.rbenv/versions/3.4.5/include/ruby-3.4.0 -I.    -I/home/linuxbrew/.linuxbrew/opt/openssl@3/include -fstack-protector-strong -U_FORTIFY_SOURCE -D_FORTIFY_SOURCE=2  -O3 -fno-fast-math -ggdb3 -Wall -Wextra -Wdeprecated-declarations -Wdiv-by-zero -Wduplicated-cond -Wimplicit-function-declaration -Wimplicit-int -Wpointer-arith -Wwrite-strings -Wold-style-definition -Wimplicit-fallthrough=0 -Wmissing-noreturn -Wno-cast-function-type -Wno-constant-logical-operand -Wno-long-long -Wno-missing-field-initializers -Wno-overlength-strings -Wno-packed-bitfield-compat -Wno-parentheses-equality -Wno-self-assign -Wno-tautological-compare -Wno-unused-parameter -Wno-unused-value -Wsuggest-attribute=format -Wsuggest-attribute=noreturn -Wunused-variable -Wmisleading-indentation -Wundef  -fPIC -std=c99 -Wno-declaration-after-statement -O2  -g -Werror -c conftest.c"
checked program was:
/* begin */
1: #include "ruby.h"
2: 
3: int main(int argc, char **argv)
4: {
5:   return !!argv[argc];
6: }
/* end */

--------------------

append_cflags: checking for whether -Winline is accepted as CFLAGS... -------------------- yes

LD_LIBRARY_PATH=.:/home/y-kawahara/.rbenv/versions/3.4.5/lib:/home/linuxbrew/.linuxbrew/opt/openssl@3/lib:/home/linuxbrew/.linuxbrew/opt/openssl@3/lib: ASAN_OPTIONS=detect_leaks=0 "gcc -I/home/y-kawahara/.rbenv/versions/3.4.5/include/ruby-3.4.0/x86_64-linux -I/home/y-kawahara/.rbenv/versions/3.4.5/include/ruby-3.4.0/ruby/backward -I/home/y-kawahara/.rbenv/versions/3.4.5/include/ruby-3.4.0 -I.    -I/home/linuxbrew/.linuxbrew/opt/openssl@3/include -fstack-protector-strong -U_FORTIFY_SOURCE -D_FORTIFY_SOURCE=2  -O3 -fno-fast-math -ggdb3 -Wall -Wextra -Wdeprecated-declarations -Wdiv-by-zero -Wduplicated-cond -Wimplicit-function-declaration -Wimplicit-int -Wpointer-arith -Wwrite-strings -Wold-style-definition -Wimplicit-fallthrough=0 -Wmissing-noreturn -Wno-cast-function-type -Wno-constant-logical-operand -Wno-long-long -Wno-missing-field-initializers -Wno-overlength-strings -Wno-packed-bitfield-compat -Wno-parentheses-equality -Wno-self-assign -Wno-tautological-compare -Wno-unused-parameter -Wno-unused-value -Wsuggest-attribute=format -Wsuggest-attribute=noreturn -Wunused-variable -Wmisleading-indentation -Wundef  -fPIC -std=c99 -Wno-declaration-after-statement -O2 -g  -Winline -Werror -c conftest.c"
checked program was:
/* begin */
1: #include "ruby.h"
2: 
3: int main(int argc, char **argv)
4: {
5:   return !!argv[argc];
6: }
/* end */

--------------------

append_cflags: checking for whether -Wmissing-noreturn is accepted as CFLAGS... -------------------- yes

LD_LIBRARY_PATH=.:/home/y-kawahara/.rbenv/versions/3.4.5/lib:/home/linuxbrew/.linuxbrew/opt/openssl@3/lib:/home/linuxbrew/.linuxbrew/opt/openssl@3/lib: ASAN_OPTIONS=detect_leaks=0 "gcc -I/home/y-kawahara/.rbenv/versions/3.4.5/include/ruby-3.4.0/x86_64-linux -I/home/y-kawahara/.rbenv/versions/3.4.5/include/ruby-3.4.0/ruby/backward -I/home/y-kawahara/.rbenv/versions/3.4.5/include/ruby-3.4.0 -I.    -I/home/linuxbrew/.linuxbrew/opt/openssl@3/include -fstack-protector-strong -U_FORTIFY_SOURCE -D_FORTIFY_SOURCE=2  -O3 -fno-fast-math -ggdb3 -Wall -Wextra -Wdeprecated-declarations -Wdiv-by-zero -Wduplicated-cond -Wimplicit-function-declaration -Wimplicit-int -Wpointer-arith -Wwrite-strings -Wold-style-definition -Wimplicit-fallthrough=0 -Wmissing-noreturn -Wno-cast-function-type -Wno-constant-logical-operand -Wno-long-long -Wno-missing-field-initializers -Wno-overlength-strings -Wno-packed-bitfield-compat -Wno-parentheses-equality -Wno-self-assign -Wno-tautological-compare -Wno-unused-parameter -Wno-unused-value -Wsuggest-attribute=format -Wsuggest-attribute=noreturn -Wunused-variable -Wmisleading-indentation -Wundef  -fPIC -std=c99 -Wno-declaration-after-statement -O2 -g -Winline  -Wmissing-noreturn -Werror -c conftest.c"
checked program was:
/* begin */
1: #include "ruby.h"
2: 
3: int main(int argc, char **argv)
4: {
5:   return !!argv[argc];
6: }
/* end */

--------------------

append_cflags: checking for whether -Wconversion -Wno-sign-conversion is accepted as CFLAGS... -------------------- yes

LD_LIBRARY_PATH=.:/home/y-kawahara/.rbenv/versions/3.4.5/lib:/home/linuxbrew/.linuxbrew/opt/openssl@3/lib:/home/linuxbrew/.linuxbrew/opt/openssl@3/lib: ASAN_OPTIONS=detect_leaks=0 "gcc -I/home/y-kawahara/.rbenv/versions/3.4.5/include/ruby-3.4.0/x86_64-linux -I/home/y-kawahara/.rbenv/versions/3.4.5/include/ruby-3.4.0/ruby/backward -I/home/y-kawahara/.rbenv/versions/3.4.5/include/ruby-3.4.0 -I.    -I/home/linuxbrew/.linuxbrew/opt/openssl@3/include -fstack-protector-strong -U_FORTIFY_SOURCE -D_FORTIFY_SOURCE=2  -O3 -fno-fast-math -ggdb3 -Wall -Wextra -Wdeprecated-declarations -Wdiv-by-zero -Wduplicated-cond -Wimplicit-function-declaration -Wimplicit-int -Wpointer-arith -Wwrite-strings -Wold-style-definition -Wimplicit-fallthrough=0 -Wmissing-noreturn -Wno-cast-function-type -Wno-constant-logical-operand -Wno-long-long -Wno-missing-field-initializers -Wno-overlength-strings -Wno-packed-bitfield-compat -Wno-parentheses-equality -Wno-self-assign -Wno-tautological-compare -Wno-unused-parameter -Wno-unused-value -Wsuggest-attribute=format -Wsuggest-attribute=noreturn -Wunused-variable -Wmisleading-indentation -Wundef  -fPIC -std=c99 -Wno-declaration-after-statement -O2 -g -Winline -Wmissing-noreturn  -Wconversion -Wno-sign-conversion -Werror -c conftest.c"
checked program was:
/* begin */
1: #include "ruby.h"
2: 
3: int main(int argc, char **argv)
4: {
5:   return !!argv[argc];
6: }
/* end */

--------------------

try_link_iconv: checking for iconv... -------------------- yes

LD_LIBRARY_PATH=.:/home/y-kawahara/.rbenv/versions/3.4.5/lib:/home/linuxbrew/.linuxbrew/opt/openssl@3/lib:/home/linuxbrew/.linuxbrew/opt/openssl@3/lib: ASAN_OPTIONS=detect_leaks=0 "gcc -o conftest -I/home/y-kawahara/.rbenv/versions/3.4.5/include/ruby-3.4.0/x86_64-linux -I/home/y-kawahara/.rbenv/versions/3.4.5/include/ruby-3.4.0/ruby/backward -I/home/y-kawahara/.rbenv/versions/3.4.5/include/ruby-3.4.0 -I.    -I/home/linuxbrew/.linuxbrew/opt/openssl@3/include -fstack-protector-strong -U_FORTIFY_SOURCE -D_FORTIFY_SOURCE=2  -O3 -fno-fast-math -ggdb3 -Wall -Wextra -Wdeprecated-declarations -Wdiv-by-zero -Wduplicated-cond -Wimplicit-function-declaration -Wimplicit-int -Wpointer-arith -Wwrite-strings -Wold-style-definition -Wimplicit-fallthrough=0 -Wmissing-noreturn -Wno-cast-function-type -Wno-constant-logical-operand -Wno-long-long -Wno-missing-field-initializers -Wno-overlength-strings -Wno-packed-bitfield-compat -Wno-parentheses-equality -Wno-self-assign -Wno-tautological-compare -Wno-unused-parameter -Wno-unused-value -Wsuggest-attribute=format -Wsuggest-attribute=noreturn -Wunused-variable -Wmisleading-indentation -Wundef  -fPIC -std=c99 -Wno-declaration-after-statement -O2 -g -Winline -Wmissing-noreturn -Wconversion -Wno-sign-conversion conftest.c -L. -L/home/y-kawahara/.rbenv/versions/3.4.5/lib -Wl,-rpath,/home/y-kawahara/.rbenv/versions/3.4.5/lib -L. -fstack-protector-strong -rdynamic -Wl,-export-dynamic -Wl,--no-as-needed -L/home/linuxbrew/.linuxbrew/opt/openssl@3/lib     -Wl,-rpath,/home/y-kawahara/.rbenv/versions/3.4.5/lib -L/home/y-kawahara/.rbenv/versions/3.4.5/lib -lruby  -lm -lpthread  -lc"
checked program was:
/* begin */
 1: #include "ruby.h"
 2: 
 3: #include <stdlib.h>
 4: #include <iconv.h>
 5: int main(void)
 6: {
 7:     iconv_t cd = iconv_open("", "");
 8:     iconv(cd, NULL, NULL, NULL, NULL);
 9:     return EXIT_SUCCESS;
10: }
/* end */

--------------------

append_cppflags: checking for whether -DNOKOGIRI_PACKAGED_LIBRARIES is accepted as CPPFLAGS... -------------------- yes

LD_LIBRARY_PATH=.:/home/y-kawahara/.rbenv/versions/3.4.5/lib:/home/linuxbrew/.linuxbrew/opt/openssl@3/lib:/home/linuxbrew/.linuxbrew/opt/openssl@3/lib: ASAN_OPTIONS=detect_leaks=0 "gcc -I/home/y-kawahara/.rbenv/versions/3.4.5/include/ruby-3.4.0/x86_64-linux -I/home/y-kawahara/.rbenv/versions/3.4.5/include/ruby-3.4.0/ruby/backward -I/home/y-kawahara/.rbenv/versions/3.4.5/include/ruby-3.4.0 -I.    -I/home/linuxbrew/.linuxbrew/opt/openssl@3/include -fstack-protector-strong -U_FORTIFY_SOURCE -D_FORTIFY_SOURCE=2  -O3 -fno-fast-math -ggdb3 -Wall -Wextra -Wdeprecated-declarations -Wdiv-by-zero -Wduplicated-cond -Wimplicit-function-declaration -Wimplicit-int -Wpointer-arith -Wwrite-strings -Wold-style-definition -Wimplicit-fallthrough=0 -Wmissing-noreturn -Wno-cast-function-type -Wno-constant-logical-operand -Wno-long-long -Wno-missing-field-initializers -Wno-overlength-strings -Wno-packed-bitfield-compat -Wno-parentheses-equality -Wno-self-assign -Wno-tautological-compare -Wno-unused-parameter -Wno-unused-value -Wsuggest-attribute=format -Wsuggest-attribute=noreturn -Wunused-variable -Wmisleading-indentation -Wundef  -fPIC -std=c99 -Wno-declaration-after-statement -O2 -g -Winline -Wmissing-noreturn -Wconversion -Wno-sign-conversion  -DNOKOGIRI_PACKAGED_LIBRARIES -Werror -c conftest.c"
checked program was:
/* begin */
1: #include "ruby.h"
2: 
3: int main(int argc, char **argv)
4: {
5:   return !!argv[argc];
6: }
/* end */

--------------------

append_cppflags: checking for whether -DNOKOGIRI_LIBXML2_PATCHES="\"0001-Remove-script-macro-support.patch 0002-Update-entities-to-remove-handling-of-ssi.patch 0003-libxml2.la-is-in-top_builddir.patch 0009-allow-wildcard-namespaces.patch 0010-update-config.guess-and-config.sub-for-libxml2.patch 0011-rip-out-libxml2-s-libc_single_threaded-support.patch\"" is accepted as CPPFLAGS... -------------------- yes

LD_LIBRARY_PATH=.:/home/y-kawahara/.rbenv/versions/3.4.5/lib:/home/linuxbrew/.linuxbrew/opt/openssl@3/lib:/home/linuxbrew/.linuxbrew/opt/openssl@3/lib: ASAN_OPTIONS=detect_leaks=0 "gcc -I/home/y-kawahara/.rbenv/versions/3.4.5/include/ruby-3.4.0/x86_64-linux -I/home/y-kawahara/.rbenv/versions/3.4.5/include/ruby-3.4.0/ruby/backward -I/home/y-kawahara/.rbenv/versions/3.4.5/include/ruby-3.4.0 -I. -I/home/y-kawahara/fjord-books_app-2023/vendor/bundle/ruby/3.4.0/gems/nokogiri-1.15.3/ports/x86_64-linux/libxml2/2.11.4/include/libxml2    -I/home/linuxbrew/.linuxbrew/opt/openssl@3/include -DNOKOGIRI_PACKAGED_LIBRARIES -fstack-protector-strong -U_FORTIFY_SOURCE -D_FORTIFY_SOURCE=2  -O3 -fno-fast-math -ggdb3 -Wall -Wextra -Wdeprecated-declarations -Wdiv-by-zero -Wduplicated-cond -Wimplicit-function-declaration -Wimplicit-int -Wpointer-arith -Wwrite-strings -Wold-style-definition -Wimplicit-fallthrough=0 -Wmissing-noreturn -Wno-cast-function-type -Wno-constant-logical-operand -Wno-long-long -Wno-missing-field-initializers -Wno-overlength-strings -Wno-packed-bitfield-compat -Wno-parentheses-equality -Wno-self-assign -Wno-tautological-compare -Wno-unused-parameter -Wno-unused-value -Wsuggest-attribute=format -Wsuggest-attribute=noreturn -Wunused-variable -Wmisleading-indentation -Wundef  -fPIC -std=c99 -Wno-declaration-after-statement -O2 -g -Winline -Wmissing-noreturn -Wconversion -Wno-sign-conversion  -DNOKOGIRI_LIBXML2_PATCHES="\"0001-Remove-script-macro-support.patch 0002-Update-entities-to-remove-handling-of-ssi.patch 0003-libxml2.la-is-in-top_builddir.patch 0009-allow-wildcard-namespaces.patch 0010-update-config.guess-and-config.sub-for-libxml2.patch 0011-rip-out-libxml2-s-libc_single_threaded-support.patch\"" -Werror -c conftest.c"
checked program was:
/* begin */
1: #include "ruby.h"
2: 
3: int main(int argc, char **argv)
4: {
5:   return !!argv[argc];
6: }
/* end */

--------------------

have_library: checking for -llzma... -------------------- no

LD_LIBRARY_PATH=.:/home/y-kawahara/.rbenv/versions/3.4.5/lib:/home/linuxbrew/.linuxbrew/opt/openssl@3/lib:/home/linuxbrew/.linuxbrew/opt/openssl@3/lib: ASAN_OPTIONS=detect_leaks=0 "gcc -o conftest -I/home/y-kawahara/.rbenv/versions/3.4.5/include/ruby-3.4.0/x86_64-linux -I/home/y-kawahara/.rbenv/versions/3.4.5/include/ruby-3.4.0/ruby/backward -I/home/y-kawahara/.rbenv/versions/3.4.5/include/ruby-3.4.0 -I. -I/home/y-kawahara/fjord-books_app-2023/vendor/bundle/ruby/3.4.0/gems/nokogiri-1.15.3/ports/x86_64-linux/libxml2/2.11.4/include/libxml2    -I/home/linuxbrew/.linuxbrew/opt/openssl@3/include -DNOKOGIRI_PACKAGED_LIBRARIES -DNOKOGIRI_LIBXML2_PATCHES="\"0001-Remove-script-macro-support.patch 0002-Update-entities-to-remove-handling-of-ssi.patch 0003-libxml2.la-is-in-top_builddir.patch 0009-allow-wildcard-namespaces.patch 0010-update-config.guess-and-config.sub-for-libxml2.patch 0011-rip-out-libxml2-s-libc_single_threaded-support.patch\"" -fstack-protector-strong -U_FORTIFY_SOURCE -D_FORTIFY_SOURCE=2  -O3 -fno-fast-math -ggdb3 -Wall -Wextra -Wdeprecated-declarations -Wdiv-by-zero -Wduplicated-cond -Wimplicit-function-declaration -Wimplicit-int -Wpointer-arith -Wwrite-strings -Wold-style-definition -Wimplicit-fallthrough=0 -Wmissing-noreturn -Wno-cast-function-type -Wno-constant-logical-operand -Wno-long-long -Wno-missing-field-initializers -Wno-overlength-strings -Wno-packed-bitfield-compat -Wno-parentheses-equality -Wno-self-assign -Wno-tautological-compare -Wno-unused-parameter -Wno-unused-value -Wsuggest-attribute=format -Wsuggest-attribute=noreturn -Wunused-variable -Wmisleading-indentation -Wundef  -fPIC -std=c99 -Wno-declaration-after-statement -O2 -g -Winline -Wmissing-noreturn -Wconversion -Wno-sign-conversion conftest.c -L. -L/home/y-kawahara/.rbenv/versions/3.4.5/lib -Wl,-rpath,/home/y-kawahara/.rbenv/versions/3.4.5/lib -L/home/y-kawahara/fjord-books_app-2023/vendor/bundle/ruby/3.4.0/gems/nokogiri-1.15.3/ports/x86_64-linux/libxml2/2.11.4/lib -Wl,-rpath,/home/y-kawahara/fjord-books_app-2023/vendor/bundle/ruby/3.4.0/gems/nokogiri-1.15.3/ports/x86_64-linux/libxml2/2.11.4/lib -L/home/linuxbrew/.linuxbrew/opt/zlib/lib -Wl,-rpath,/home/linuxbrew/.linuxbrew/opt/zlib/lib -L. -fstack-protector-strong -rdynamic -Wl,-export-dynamic -Wl,--no-as-needed -L/home/linuxbrew/.linuxbrew/opt/openssl@3/lib     -Wl,-rpath,/home/y-kawahara/.rbenv/versions/3.4.5/lib -L/home/y-kawahara/.rbenv/versions/3.4.5/lib -lruby -llzma  -lm -lpthread  -lc"
/usr/bin/ld: cannot find -llzma: No such file or directory
collect2: error: ld returned 1 exit status
checked program was:
/* begin */
 1: #include "ruby.h"
 2: 
 3: /*top*/
 4: extern int t(void);
 5: int main(int argc, char **argv)
 6: {
 7:   if (argc > 1000000) {
 8:     int (* volatile tp)(void)=(int (*)(void))&t;
 9:     printf("%d", (*tp)());
10:   }
11: 
12:   return !!argv[argc];
13: }
14: 
15: int t(void) { ; return 0; }
/* end */

--------------------

have_library: checking for -lliblzma... -------------------- no

LD_LIBRARY_PATH=.:/home/y-kawahara/.rbenv/versions/3.4.5/lib:/home/linuxbrew/.linuxbrew/opt/openssl@3/lib:/home/linuxbrew/.linuxbrew/opt/openssl@3/lib: ASAN_OPTIONS=detect_leaks=0 "gcc -o conftest -I/home/y-kawahara/.rbenv/versions/3.4.5/include/ruby-3.4.0/x86_64-linux -I/home/y-kawahara/.rbenv/versions/3.4.5/include/ruby-3.4.0/ruby/backward -I/home/y-kawahara/.rbenv/versions/3.4.5/include/ruby-3.4.0 -I. -I/home/y-kawahara/fjord-books_app-2023/vendor/bundle/ruby/3.4.0/gems/nokogiri-1.15.3/ports/x86_64-linux/libxml2/2.11.4/include/libxml2    -I/home/linuxbrew/.linuxbrew/opt/openssl@3/include -DNOKOGIRI_PACKAGED_LIBRARIES -DNOKOGIRI_LIBXML2_PATCHES="\"0001-Remove-script-macro-support.patch 0002-Update-entities-to-remove-handling-of-ssi.patch 0003-libxml2.la-is-in-top_builddir.patch 0009-allow-wildcard-namespaces.patch 0010-update-config.guess-and-config.sub-for-libxml2.patch 0011-rip-out-libxml2-s-libc_single_threaded-support.patch\"" -fstack-protector-strong -U_FORTIFY_SOURCE -D_FORTIFY_SOURCE=2  -O3 -fno-fast-math -ggdb3 -Wall -Wextra -Wdeprecated-declarations -Wdiv-by-zero -Wduplicated-cond -Wimplicit-function-declaration -Wimplicit-int -Wpointer-arith -Wwrite-strings -Wold-style-definition -Wimplicit-fallthrough=0 -Wmissing-noreturn -Wno-cast-function-type -Wno-constant-logical-operand -Wno-long-long -Wno-missing-field-initializers -Wno-overlength-strings -Wno-packed-bitfield-compat -Wno-parentheses-equality -Wno-self-assign -Wno-tautological-compare -Wno-unused-parameter -Wno-unused-value -Wsuggest-attribute=format -Wsuggest-attribute=noreturn -Wunused-variable -Wmisleading-indentation -Wundef  -fPIC -std=c99 -Wno-declaration-after-statement -O2 -g -Winline -Wmissing-noreturn -Wconversion -Wno-sign-conversion conftest.c -L. -L/home/y-kawahara/.rbenv/versions/3.4.5/lib -Wl,-rpath,/home/y-kawahara/.rbenv/versions/3.4.5/lib -L/home/y-kawahara/fjord-books_app-2023/vendor/bundle/ruby/3.4.0/gems/nokogiri-1.15.3/ports/x86_64-linux/libxml2/2.11.4/lib -Wl,-rpath,/home/y-kawahara/fjord-books_app-2023/vendor/bundle/ruby/3.4.0/gems/nokogiri-1.15.3/ports/x86_64-linux/libxml2/2.11.4/lib -L/home/linuxbrew/.linuxbrew/opt/zlib/lib -Wl,-rpath,/home/linuxbrew/.linuxbrew/opt/zlib/lib -L. -fstack-protector-strong -rdynamic -Wl,-export-dynamic -Wl,--no-as-needed -L/home/linuxbrew/.linuxbrew/opt/openssl@3/lib     -Wl,-rpath,/home/y-kawahara/.rbenv/versions/3.4.5/lib -L/home/y-kawahara/.rbenv/versions/3.4.5/lib -lruby -lliblzma  -lm -lpthread  -lc"
/usr/bin/ld: cannot find -lliblzma: No such file or directory
collect2: error: ld returned 1 exit status
checked program was:
/* begin */
 1: #include "ruby.h"
 2: 
 3: /*top*/
 4: extern int t(void);
 5: int main(int argc, char **argv)
 6: {
 7:   if (argc > 1000000) {
 8:     int (* volatile tp)(void)=(int (*)(void))&t;
 9:     printf("%d", (*tp)());
10:   }
11: 
12:   return !!argv[argc];
13: }
14: 
15: int t(void) { ; return 0; }
/* end */

--------------------

append_cppflags: checking for whether -DNOKOGIRI_LIBXSLT_PATCHES="\"0001-update-config.guess-and-config.sub-for-libxslt.patch\"" is accepted as CPPFLAGS... -------------------- yes

LD_LIBRARY_PATH=.:/home/y-kawahara/.rbenv/versions/3.4.5/lib:/home/linuxbrew/.linuxbrew/opt/openssl@3/lib:/home/linuxbrew/.linuxbrew/opt/openssl@3/lib: ASAN_OPTIONS=detect_leaks=0 "gcc -I/home/y-kawahara/.rbenv/versions/3.4.5/include/ruby-3.4.0/x86_64-linux -I/home/y-kawahara/.rbenv/versions/3.4.5/include/ruby-3.4.0/ruby/backward -I/home/y-kawahara/.rbenv/versions/3.4.5/include/ruby-3.4.0 -I. -I/home/y-kawahara/fjord-books_app-2023/vendor/bundle/ruby/3.4.0/gems/nokogiri-1.15.3/ports/x86_64-linux/libxml2/2.11.4/include/libxml2 -I/home/y-kawahara/fjord-books_app-2023/vendor/bundle/ruby/3.4.0/gems/nokogiri-1.15.3/ports/x86_64-linux/libxslt/1.1.38/include -I/home/y-kawahara/fjord-books_app-2023/vendor/bundle/ruby/3.4.0/gems/nokogiri-1.15.3/ports/x86_64-linux/libxml2/2.11.4/include/libxml2    -I/home/linuxbrew/.linuxbrew/opt/openssl@3/include -DNOKOGIRI_PACKAGED_LIBRARIES -DNOKOGIRI_LIBXML2_PATCHES="\"0001-Remove-script-macro-support.patch 0002-Update-entities-to-remove-handling-of-ssi.patch 0003-libxml2.la-is-in-top_builddir.patch 0009-allow-wildcard-namespaces.patch 0010-update-config.guess-and-config.sub-for-libxml2.patch 0011-rip-out-libxml2-s-libc_single_threaded-support.patch\"" -fstack-protector-strong -U_FORTIFY_SOURCE -D_FORTIFY_SOURCE=2  -O3 -fno-fast-math -ggdb3 -Wall -Wextra -Wdeprecated-declarations -Wdiv-by-zero -Wduplicated-cond -Wimplicit-function-declaration -Wimplicit-int -Wpointer-arith -Wwrite-strings -Wold-style-definition -Wimplicit-fallthrough=0 -Wmissing-noreturn -Wno-cast-function-type -Wno-constant-logical-operand -Wno-long-long -Wno-missing-field-initializers -Wno-overlength-strings -Wno-packed-bitfield-compat -Wno-parentheses-equality -Wno-self-assign -Wno-tautological-compare -Wno-unused-parameter -Wno-unused-value -Wsuggest-attribute=format -Wsuggest-attribute=noreturn -Wunused-variable -Wmisleading-indentation -Wundef  -fPIC -std=c99 -Wno-declaration-after-statement -O2 -g -Winline -Wmissing-noreturn -Wconversion -Wno-sign-conversion  -DNOKOGIRI_LIBXSLT_PATCHES="\"0001-update-config.guess-and-config.sub-for-libxslt.patch\"" -Werror -c conftest.c"
checked program was:
/* begin */
1: #include "ruby.h"
2: 
3: int main(int argc, char **argv)
4: {
5:   return !!argv[argc];
6: }
/* end */

--------------------

have_func: checking for xmlParseDoc() in libxml/parser.h... -------------------- yes

LD_LIBRARY_PATH=.:/home/y-kawahara/.rbenv/versions/3.4.5/lib:/home/linuxbrew/.linuxbrew/opt/openssl@3/lib:/home/linuxbrew/.linuxbrew/opt/openssl@3/lib: ASAN_OPTIONS=detect_leaks=0 "gcc -o conftest -I/home/y-kawahara/.rbenv/versions/3.4.5/include/ruby-3.4.0/x86_64-linux -I/home/y-kawahara/.rbenv/versions/3.4.5/include/ruby-3.4.0/ruby/backward -I/home/y-kawahara/.rbenv/versions/3.4.5/include/ruby-3.4.0 -I. -I/home/y-kawahara/fjord-books_app-2023/vendor/bundle/ruby/3.4.0/gems/nokogiri-1.15.3/ports/x86_64-linux/libxml2/2.11.4/include/libxml2 -I/home/y-kawahara/fjord-books_app-2023/vendor/bundle/ruby/3.4.0/gems/nokogiri-1.15.3/ports/x86_64-linux/libxslt/1.1.38/include -I/home/y-kawahara/fjord-books_app-2023/vendor/bundle/ruby/3.4.0/gems/nokogiri-1.15.3/ports/x86_64-linux/libxml2/2.11.4/include/libxml2    -I/home/linuxbrew/.linuxbrew/opt/openssl@3/include -DNOKOGIRI_PACKAGED_LIBRARIES -DNOKOGIRI_LIBXML2_PATCHES="\"0001-Remove-script-macro-support.patch 0002-Update-entities-to-remove-handling-of-ssi.patch 0003-libxml2.la-is-in-top_builddir.patch 0009-allow-wildcard-namespaces.patch 0010-update-config.guess-and-config.sub-for-libxml2.patch 0011-rip-out-libxml2-s-libc_single_threaded-support.patch\"" -DNOKOGIRI_LIBXSLT_PATCHES="\"0001-update-config.guess-and-config.sub-for-libxslt.patch\"" -fstack-protector-strong -U_FORTIFY_SOURCE -D_FORTIFY_SOURCE=2  -O3 -fno-fast-math -ggdb3 -Wall -Wextra -Wdeprecated-declarations -Wdiv-by-zero -Wduplicated-cond -Wimplicit-function-declaration -Wimplicit-int -Wpointer-arith -Wwrite-strings -Wold-style-definition -Wimplicit-fallthrough=0 -Wmissing-noreturn -Wno-cast-function-type -Wno-constant-logical-operand -Wno-long-long -Wno-missing-field-initializers -Wno-overlength-strings -Wno-packed-bitfield-compat -Wno-parentheses-equality -Wno-self-assign -Wno-tautological-compare -Wno-unused-parameter -Wno-unused-value -Wsuggest-attribute=format -Wsuggest-attribute=noreturn -Wunused-variable -Wmisleading-indentation -Wundef  -fPIC -std=c99 -Wno-declaration-after-statement -O2 -g -Winline -Wmissing-noreturn -Wconversion -Wno-sign-conversion conftest.c -L. -L/home/y-kawahara/.rbenv/versions/3.4.5/lib -Wl,-rpath,/home/y-kawahara/.rbenv/versions/3.4.5/lib -L/home/y-kawahara/fjord-books_app-2023/vendor/bundle/ruby/3.4.0/gems/nokogiri-1.15.3/ports/x86_64-linux/libxml2/2.11.4/lib -Wl,-rpath,/home/y-kawahara/fjord-books_app-2023/vendor/bundle/ruby/3.4.0/gems/nokogiri-1.15.3/ports/x86_64-linux/libxml2/2.11.4/lib -L/home/y-kawahara/fjord-books_app-2023/vendor/bundle/ruby/3.4.0/gems/nokogiri-1.15.3/ports/x86_64-linux/libxslt/1.1.38/lib -Wl,-rpath,/home/y-kawahara/fjord-books_app-2023/vendor/bundle/ruby/3.4.0/gems/nokogiri-1.15.3/ports/x86_64-linux/libxslt/1.1.38/lib -L/home/linuxbrew/.linuxbrew/opt/zlib/lib -Wl,-rpath,/home/linuxbrew/.linuxbrew/opt/zlib/lib -L. -fstack-protector-strong -rdynamic -Wl,-export-dynamic -Wl,--no-as-needed -L/home/linuxbrew/.linuxbrew/opt/openssl@3/lib    /home/y-kawahara/fjord-books_app-2023/vendor/bundle/ruby/3.4.0/gems/nokogiri-1.15.3/ports/x86_64-linux/libxslt/1.1.38/lib/libexslt.a -lm -lz /home/y-kawahara/fjord-books_app-2023/vendor/bundle/ruby/3.4.0/gems/nokogiri-1.15.3/ports/x86_64-linux/libxml2/2.11.4/lib/libxml2.a /home/y-kawahara/fjord-books_app-2023/vendor/bundle/ruby/3.4.0/gems/nokogiri-1.15.3/ports/x86_64-linux/libxslt/1.1.38/lib/libxslt.a -lm -lz /home/y-kawahara/fjord-books_app-2023/vendor/bundle/ruby/3.4.0/gems/nokogiri-1.15.3/ports/x86_64-linux/libxml2/2.11.4/lib/libxml2.a -Wl,-rpath,/home/y-kawahara/.rbenv/versions/3.4.5/lib -L/home/y-kawahara/.rbenv/versions/3.4.5/lib -lruby /home/y-kawahara/fjord-books_app-2023/vendor/bundle/ruby/3.4.0/gems/nokogiri-1.15.3/ports/x86_64-linux/libxslt/1.1.38/lib/libexslt.a -lm -lz /home/y-kawahara/fjord-books_app-2023/vendor/bundle/ruby/3.4.0/gems/nokogiri-1.15.3/ports/x86_64-linux/libxml2/2.11.4/lib/libxml2.a /home/y-kawahara/fjord-books_app-2023/vendor/bundle/ruby/3.4.0/gems/nokogiri-1.15.3/ports/x86_64-linux/libxslt/1.1.38/lib/libxslt.a -lm -lz /home/y-kawahara/fjord-books_app-2023/vendor/bundle/ruby/3.4.0/gems/nokogiri-1.15.3/ports/x86_64-linux/libxml2/2.11.4/lib/libxml2.a -lm -lpthread  -lc"
checked program was:
/* begin */
 1: #include "ruby.h"
 2: 
 3: #include <libxml/parser.h>
 4: 
 5: /*top*/
 6: extern int t(void);
 7: int main(int argc, char **argv)
 8: {
 9:   if (argc > 1000000) {
10:     int (* volatile tp)(void)=(int (*)(void))&t;
11:     printf("%d", (*tp)());
12:   }
13: 
14:   return !!argv[argc];
15: }
16: int t(void) { void ((*volatile p)()); p = (void ((*)()))xmlParseDoc; return !p; }
/* end */

--------------------

have_func: checking for xsltParseStylesheetDoc() in libxslt/xslt.h... -------------------- yes

LD_LIBRARY_PATH=.:/home/y-kawahara/.rbenv/versions/3.4.5/lib:/home/linuxbrew/.linuxbrew/opt/openssl@3/lib:/home/linuxbrew/.linuxbrew/opt/openssl@3/lib: ASAN_OPTIONS=detect_leaks=0 "gcc -o conftest -I/home/y-kawahara/.rbenv/versions/3.4.5/include/ruby-3.4.0/x86_64-linux -I/home/y-kawahara/.rbenv/versions/3.4.5/include/ruby-3.4.0/ruby/backward -I/home/y-kawahara/.rbenv/versions/3.4.5/include/ruby-3.4.0 -I. -I/home/y-kawahara/fjord-books_app-2023/vendor/bundle/ruby/3.4.0/gems/nokogiri-1.15.3/ports/x86_64-linux/libxml2/2.11.4/include/libxml2 -I/home/y-kawahara/fjord-books_app-2023/vendor/bundle/ruby/3.4.0/gems/nokogiri-1.15.3/ports/x86_64-linux/libxslt/1.1.38/include -I/home/y-kawahara/fjord-books_app-2023/vendor/bundle/ruby/3.4.0/gems/nokogiri-1.15.3/ports/x86_64-linux/libxml2/2.11.4/include/libxml2    -I/home/linuxbrew/.linuxbrew/opt/openssl@3/include -DNOKOGIRI_PACKAGED_LIBRARIES -DNOKOGIRI_LIBXML2_PATCHES="\"0001-Remove-script-macro-support.patch 0002-Update-entities-to-remove-handling-of-ssi.patch 0003-libxml2.la-is-in-top_builddir.patch 0009-allow-wildcard-namespaces.patch 0010-update-config.guess-and-config.sub-for-libxml2.patch 0011-rip-out-libxml2-s-libc_single_threaded-support.patch\"" -DNOKOGIRI_LIBXSLT_PATCHES="\"0001-update-config.guess-and-config.sub-for-libxslt.patch\"" -fstack-protector-strong -U_FORTIFY_SOURCE -D_FORTIFY_SOURCE=2  -O3 -fno-fast-math -ggdb3 -Wall -Wextra -Wdeprecated-declarations -Wdiv-by-zero -Wduplicated-cond -Wimplicit-function-declaration -Wimplicit-int -Wpointer-arith -Wwrite-strings -Wold-style-definition -Wimplicit-fallthrough=0 -Wmissing-noreturn -Wno-cast-function-type -Wno-constant-logical-operand -Wno-long-long -Wno-missing-field-initializers -Wno-overlength-strings -Wno-packed-bitfield-compat -Wno-parentheses-equality -Wno-self-assign -Wno-tautological-compare -Wno-unused-parameter -Wno-unused-value -Wsuggest-attribute=format -Wsuggest-attribute=noreturn -Wunused-variable -Wmisleading-indentation -Wundef  -fPIC -std=c99 -Wno-declaration-after-statement -O2 -g -Winline -Wmissing-noreturn -Wconversion -Wno-sign-conversion conftest.c -L. -L/home/y-kawahara/.rbenv/versions/3.4.5/lib -Wl,-rpath,/home/y-kawahara/.rbenv/versions/3.4.5/lib -L/home/y-kawahara/fjord-books_app-2023/vendor/bundle/ruby/3.4.0/gems/nokogiri-1.15.3/ports/x86_64-linux/libxml2/2.11.4/lib -Wl,-rpath,/home/y-kawahara/fjord-books_app-2023/vendor/bundle/ruby/3.4.0/gems/nokogiri-1.15.3/ports/x86_64-linux/libxml2/2.11.4/lib -L/home/y-kawahara/fjord-books_app-2023/vendor/bundle/ruby/3.4.0/gems/nokogiri-1.15.3/ports/x86_64-linux/libxslt/1.1.38/lib -Wl,-rpath,/home/y-kawahara/fjord-books_app-2023/vendor/bundle/ruby/3.4.0/gems/nokogiri-1.15.3/ports/x86_64-linux/libxslt/1.1.38/lib -L/home/linuxbrew/.linuxbrew/opt/zlib/lib -Wl,-rpath,/home/linuxbrew/.linuxbrew/opt/zlib/lib -L. -fstack-protector-strong -rdynamic -Wl,-export-dynamic -Wl,--no-as-needed -L/home/linuxbrew/.linuxbrew/opt/openssl@3/lib    /home/y-kawahara/fjord-books_app-2023/vendor/bundle/ruby/3.4.0/gems/nokogiri-1.15.3/ports/x86_64-linux/libxslt/1.1.38/lib/libexslt.a -lm -lz /home/y-kawahara/fjord-books_app-2023/vendor/bundle/ruby/3.4.0/gems/nokogiri-1.15.3/ports/x86_64-linux/libxml2/2.11.4/lib/libxml2.a /home/y-kawahara/fjord-books_app-2023/vendor/bundle/ruby/3.4.0/gems/nokogiri-1.15.3/ports/x86_64-linux/libxslt/1.1.38/lib/libxslt.a -lm -lz /home/y-kawahara/fjord-books_app-2023/vendor/bundle/ruby/3.4.0/gems/nokogiri-1.15.3/ports/x86_64-linux/libxml2/2.11.4/lib/libxml2.a -Wl,-rpath,/home/y-kawahara/.rbenv/versions/3.4.5/lib -L/home/y-kawahara/.rbenv/versions/3.4.5/lib -lruby /home/y-kawahara/fjord-books_app-2023/vendor/bundle/ruby/3.4.0/gems/nokogiri-1.15.3/ports/x86_64-linux/libxslt/1.1.38/lib/libexslt.a -lm -lz /home/y-kawahara/fjord-books_app-2023/vendor/bundle/ruby/3.4.0/gems/nokogiri-1.15.3/ports/x86_64-linux/libxml2/2.11.4/lib/libxml2.a /home/y-kawahara/fjord-books_app-2023/vendor/bundle/ruby/3.4.0/gems/nokogiri-1.15.3/ports/x86_64-linux/libxslt/1.1.38/lib/libxslt.a -lm -lz /home/y-kawahara/fjord-books_app-2023/vendor/bundle/ruby/3.4.0/gems/nokogiri-1.15.3/ports/x86_64-linux/libxml2/2.11.4/lib/libxml2.a -lm -lpthread  -lc"
conftest.c: In function ‘t’:
conftest.c:16:57: error: ‘xsltParseStylesheetDoc’ undeclared (first use in this function)
   16 | int t(void) { void ((*volatile p)()); p = (void ((*)()))xsltParseStylesheetDoc; return !p; }
      |                                                         ^~~~~~~~~~~~~~~~~~~~~~
conftest.c:16:57: note: each undeclared identifier is reported only once for each function it appears in
At top level:
cc1: note: unrecognized command-line option ‘-Wno-self-assign’ may have been intended to silence earlier diagnostics
cc1: note: unrecognized command-line option ‘-Wno-parentheses-equality’ may have been intended to silence earlier diagnostics
cc1: note: unrecognized command-line option ‘-Wno-constant-logical-operand’ may have been intended to silence earlier diagnostics
checked program was:
/* begin */
 1: #include "ruby.h"
 2: 
 3: #include <libxslt/xslt.h>
 4: 
 5: /*top*/
 6: extern int t(void);
 7: int main(int argc, char **argv)
 8: {
 9:   if (argc > 1000000) {
10:     int (* volatile tp)(void)=(int (*)(void))&t;
11:     printf("%d", (*tp)());
12:   }
13: 
14:   return !!argv[argc];
15: }
16: int t(void) { void ((*volatile p)()); p = (void ((*)()))xsltParseStylesheetDoc; return !p; }
/* end */

LD_LIBRARY_PATH=.:/home/y-kawahara/.rbenv/versions/3.4.5/lib:/home/linuxbrew/.linuxbrew/opt/openssl@3/lib:/home/linuxbrew/.linuxbrew/opt/openssl@3/lib: ASAN_OPTIONS=detect_leaks=0 "gcc -o conftest -I/home/y-kawahara/.rbenv/versions/3.4.5/include/ruby-3.4.0/x86_64-linux -I/home/y-kawahara/.rbenv/versions/3.4.5/include/ruby-3.4.0/ruby/backward -I/home/y-kawahara/.rbenv/versions/3.4.5/include/ruby-3.4.0 -I. -I/home/y-kawahara/fjord-books_app-2023/vendor/bundle/ruby/3.4.0/gems/nokogiri-1.15.3/ports/x86_64-linux/libxml2/2.11.4/include/libxml2 -I/home/y-kawahara/fjord-books_app-2023/vendor/bundle/ruby/3.4.0/gems/nokogiri-1.15.3/ports/x86_64-linux/libxslt/1.1.38/include -I/home/y-kawahara/fjord-books_app-2023/vendor/bundle/ruby/3.4.0/gems/nokogiri-1.15.3/ports/x86_64-linux/libxml2/2.11.4/include/libxml2    -I/home/linuxbrew/.linuxbrew/opt/openssl@3/include -DNOKOGIRI_PACKAGED_LIBRARIES -DNOKOGIRI_LIBXML2_PATCHES="\"0001-Remove-script-macro-support.patch 0002-Update-entities-to-remove-handling-of-ssi.patch 0003-libxml2.la-is-in-top_builddir.patch 0009-allow-wildcard-namespaces.patch 0010-update-config.guess-and-config.sub-for-libxml2.patch 0011-rip-out-libxml2-s-libc_single_threaded-support.patch\"" -DNOKOGIRI_LIBXSLT_PATCHES="\"0001-update-config.guess-and-config.sub-for-libxslt.patch\"" -fstack-protector-strong -U_FORTIFY_SOURCE -D_FORTIFY_SOURCE=2  -O3 -fno-fast-math -ggdb3 -Wall -Wextra -Wdeprecated-declarations -Wdiv-by-zero -Wduplicated-cond -Wimplicit-function-declaration -Wimplicit-int -Wpointer-arith -Wwrite-strings -Wold-style-definition -Wimplicit-fallthrough=0 -Wmissing-noreturn -Wno-cast-function-type -Wno-constant-logical-operand -Wno-long-long -Wno-missing-field-initializers -Wno-overlength-strings -Wno-packed-bitfield-compat -Wno-parentheses-equality -Wno-self-assign -Wno-tautological-compare -Wno-unused-parameter -Wno-unused-value -Wsuggest-attribute=format -Wsuggest-attribute=noreturn -Wunused-variable -Wmisleading-indentation -Wundef  -fPIC -std=c99 -Wno-declaration-after-statement -O2 -g -Winline -Wmissing-noreturn -Wconversion -Wno-sign-conversion conftest.c -L. -L/home/y-kawahara/.rbenv/versions/3.4.5/lib -Wl,-rpath,/home/y-kawahara/.rbenv/versions/3.4.5/lib -L/home/y-kawahara/fjord-books_app-2023/vendor/bundle/ruby/3.4.0/gems/nokogiri-1.15.3/ports/x86_64-linux/libxml2/2.11.4/lib -Wl,-rpath,/home/y-kawahara/fjord-books_app-2023/vendor/bundle/ruby/3.4.0/gems/nokogiri-1.15.3/ports/x86_64-linux/libxml2/2.11.4/lib -L/home/y-kawahara/fjord-books_app-2023/vendor/bundle/ruby/3.4.0/gems/nokogiri-1.15.3/ports/x86_64-linux/libxslt/1.1.38/lib -Wl,-rpath,/home/y-kawahara/fjord-books_app-2023/vendor/bundle/ruby/3.4.0/gems/nokogiri-1.15.3/ports/x86_64-linux/libxslt/1.1.38/lib -L/home/linuxbrew/.linuxbrew/opt/zlib/lib -Wl,-rpath,/home/linuxbrew/.linuxbrew/opt/zlib/lib -L. -fstack-protector-strong -rdynamic -Wl,-export-dynamic -Wl,--no-as-needed -L/home/linuxbrew/.linuxbrew/opt/openssl@3/lib    /home/y-kawahara/fjord-books_app-2023/vendor/bundle/ruby/3.4.0/gems/nokogiri-1.15.3/ports/x86_64-linux/libxslt/1.1.38/lib/libexslt.a -lm -lz /home/y-kawahara/fjord-books_app-2023/vendor/bundle/ruby/3.4.0/gems/nokogiri-1.15.3/ports/x86_64-linux/libxml2/2.11.4/lib/libxml2.a /home/y-kawahara/fjord-books_app-2023/vendor/bundle/ruby/3.4.0/gems/nokogiri-1.15.3/ports/x86_64-linux/libxslt/1.1.38/lib/libxslt.a -lm -lz /home/y-kawahara/fjord-books_app-2023/vendor/bundle/ruby/3.4.0/gems/nokogiri-1.15.3/ports/x86_64-linux/libxml2/2.11.4/lib/libxml2.a -Wl,-rpath,/home/y-kawahara/.rbenv/versions/3.4.5/lib -L/home/y-kawahara/.rbenv/versions/3.4.5/lib -lruby /home/y-kawahara/fjord-books_app-2023/vendor/bundle/ruby/3.4.0/gems/nokogiri-1.15.3/ports/x86_64-linux/libxslt/1.1.38/lib/libexslt.a -lm -lz /home/y-kawahara/fjord-books_app-2023/vendor/bundle/ruby/3.4.0/gems/nokogiri-1.15.3/ports/x86_64-linux/libxml2/2.11.4/lib/libxml2.a /home/y-kawahara/fjord-books_app-2023/vendor/bundle/ruby/3.4.0/gems/nokogiri-1.15.3/ports/x86_64-linux/libxslt/1.1.38/lib/libxslt.a -lm -lz /home/y-kawahara/fjord-books_app-2023/vendor/bundle/ruby/3.4.0/gems/nokogiri-1.15.3/ports/x86_64-linux/libxml2/2.11.4/lib/libxml2.a -lm -lpthread  -lc"
checked program was:
/* begin */
 1: #include "ruby.h"
 2: 
 3: #include <libxslt/xslt.h>
 4: 
 5: /*top*/
 6: extern int t(void);
 7: int main(int argc, char **argv)
 8: {
 9:   if (argc > 1000000) {
10:     int (* volatile tp)(void)=(int (*)(void))&t;
11:     printf("%d", (*tp)());
12:   }
13: 
14:   return !!argv[argc];
15: }
16: extern void xsltParseStylesheetDoc();
17: int t(void) { xsltParseStylesheetDoc(); return 0; }
/* end */

--------------------

have_func: checking for exsltFuncRegister() in libexslt/exslt.h... -------------------- yes

LD_LIBRARY_PATH=.:/home/y-kawahara/.rbenv/versions/3.4.5/lib:/home/linuxbrew/.linuxbrew/opt/openssl@3/lib:/home/linuxbrew/.linuxbrew/opt/openssl@3/lib: ASAN_OPTIONS=detect_leaks=0 "gcc -o conftest -I/home/y-kawahara/.rbenv/versions/3.4.5/include/ruby-3.4.0/x86_64-linux -I/home/y-kawahara/.rbenv/versions/3.4.5/include/ruby-3.4.0/ruby/backward -I/home/y-kawahara/.rbenv/versions/3.4.5/include/ruby-3.4.0 -I. -I/home/y-kawahara/fjord-books_app-2023/vendor/bundle/ruby/3.4.0/gems/nokogiri-1.15.3/ports/x86_64-linux/libxml2/2.11.4/include/libxml2 -I/home/y-kawahara/fjord-books_app-2023/vendor/bundle/ruby/3.4.0/gems/nokogiri-1.15.3/ports/x86_64-linux/libxslt/1.1.38/include -I/home/y-kawahara/fjord-books_app-2023/vendor/bundle/ruby/3.4.0/gems/nokogiri-1.15.3/ports/x86_64-linux/libxml2/2.11.4/include/libxml2    -I/home/linuxbrew/.linuxbrew/opt/openssl@3/include -DNOKOGIRI_PACKAGED_LIBRARIES -DNOKOGIRI_LIBXML2_PATCHES="\"0001-Remove-script-macro-support.patch 0002-Update-entities-to-remove-handling-of-ssi.patch 0003-libxml2.la-is-in-top_builddir.patch 0009-allow-wildcard-namespaces.patch 0010-update-config.guess-and-config.sub-for-libxml2.patch 0011-rip-out-libxml2-s-libc_single_threaded-support.patch\"" -DNOKOGIRI_LIBXSLT_PATCHES="\"0001-update-config.guess-and-config.sub-for-libxslt.patch\"" -fstack-protector-strong -U_FORTIFY_SOURCE -D_FORTIFY_SOURCE=2  -O3 -fno-fast-math -ggdb3 -Wall -Wextra -Wdeprecated-declarations -Wdiv-by-zero -Wduplicated-cond -Wimplicit-function-declaration -Wimplicit-int -Wpointer-arith -Wwrite-strings -Wold-style-definition -Wimplicit-fallthrough=0 -Wmissing-noreturn -Wno-cast-function-type -Wno-constant-logical-operand -Wno-long-long -Wno-missing-field-initializers -Wno-overlength-strings -Wno-packed-bitfield-compat -Wno-parentheses-equality -Wno-self-assign -Wno-tautological-compare -Wno-unused-parameter -Wno-unused-value -Wsuggest-attribute=format -Wsuggest-attribute=noreturn -Wunused-variable -Wmisleading-indentation -Wundef  -fPIC -std=c99 -Wno-declaration-after-statement -O2 -g -Winline -Wmissing-noreturn -Wconversion -Wno-sign-conversion conftest.c -L. -L/home/y-kawahara/.rbenv/versions/3.4.5/lib -Wl,-rpath,/home/y-kawahara/.rbenv/versions/3.4.5/lib -L/home/y-kawahara/fjord-books_app-2023/vendor/bundle/ruby/3.4.0/gems/nokogiri-1.15.3/ports/x86_64-linux/libxml2/2.11.4/lib -Wl,-rpath,/home/y-kawahara/fjord-books_app-2023/vendor/bundle/ruby/3.4.0/gems/nokogiri-1.15.3/ports/x86_64-linux/libxml2/2.11.4/lib -L/home/y-kawahara/fjord-books_app-2023/vendor/bundle/ruby/3.4.0/gems/nokogiri-1.15.3/ports/x86_64-linux/libxslt/1.1.38/lib -Wl,-rpath,/home/y-kawahara/fjord-books_app-2023/vendor/bundle/ruby/3.4.0/gems/nokogiri-1.15.3/ports/x86_64-linux/libxslt/1.1.38/lib -L/home/linuxbrew/.linuxbrew/opt/zlib/lib -Wl,-rpath,/home/linuxbrew/.linuxbrew/opt/zlib/lib -L. -fstack-protector-strong -rdynamic -Wl,-export-dynamic -Wl,--no-as-needed -L/home/linuxbrew/.linuxbrew/opt/openssl@3/lib    /home/y-kawahara/fjord-books_app-2023/vendor/bundle/ruby/3.4.0/gems/nokogiri-1.15.3/ports/x86_64-linux/libxslt/1.1.38/lib/libexslt.a -lm -lz /home/y-kawahara/fjord-books_app-2023/vendor/bundle/ruby/3.4.0/gems/nokogiri-1.15.3/ports/x86_64-linux/libxml2/2.11.4/lib/libxml2.a /home/y-kawahara/fjord-books_app-2023/vendor/bundle/ruby/3.4.0/gems/nokogiri-1.15.3/ports/x86_64-linux/libxslt/1.1.38/lib/libxslt.a -lm -lz /home/y-kawahara/fjord-books_app-2023/vendor/bundle/ruby/3.4.0/gems/nokogiri-1.15.3/ports/x86_64-linux/libxml2/2.11.4/lib/libxml2.a -Wl,-rpath,/home/y-kawahara/.rbenv/versions/3.4.5/lib -L/home/y-kawahara/.rbenv/versions/3.4.5/lib -lruby /home/y-kawahara/fjord-books_app-2023/vendor/bundle/ruby/3.4.0/gems/nokogiri-1.15.3/ports/x86_64-linux/libxslt/1.1.38/lib/libexslt.a -lm -lz /home/y-kawahara/fjord-books_app-2023/vendor/bundle/ruby/3.4.0/gems/nokogiri-1.15.3/ports/x86_64-linux/libxml2/2.11.4/lib/libxml2.a /home/y-kawahara/fjord-books_app-2023/vendor/bundle/ruby/3.4.0/gems/nokogiri-1.15.3/ports/x86_64-linux/libxslt/1.1.38/lib/libxslt.a -lm -lz /home/y-kawahara/fjord-books_app-2023/vendor/bundle/ruby/3.4.0/gems/nokogiri-1.15.3/ports/x86_64-linux/libxml2/2.11.4/lib/libxml2.a -lm -lpthread  -lc"
checked program was:
/* begin */
 1: #include "ruby.h"
 2: 
 3: #include <libexslt/exslt.h>
 4: 
 5: /*top*/
 6: extern int t(void);
 7: int main(int argc, char **argv)
 8: {
 9:   if (argc > 1000000) {
10:     int (* volatile tp)(void)=(int (*)(void))&t;
11:     printf("%d", (*tp)());
12:   }
13: 
14:   return !!argv[argc];
15: }
16: int t(void) { void ((*volatile p)()); p = (void ((*)()))exsltFuncRegister; return !p; }
/* end */

--------------------

append_cppflags: checking for whether -I/home/y-kawahara/fjord-books_app-2023/vendor/bundle/ruby/3.4.0/gems/nokogiri-1.15.3/ext/nokogiri/ports/x86_64-linux/libgumbo/1.0.0-nokogiri/include is accepted as CPPFLAGS... -------------------- yes

LD_LIBRARY_PATH=.:/home/y-kawahara/.rbenv/versions/3.4.5/lib:/home/linuxbrew/.linuxbrew/opt/openssl@3/lib:/home/linuxbrew/.linuxbrew/opt/openssl@3/lib: ASAN_OPTIONS=detect_leaks=0 "gcc -I/home/y-kawahara/.rbenv/versions/3.4.5/include/ruby-3.4.0/x86_64-linux -I/home/y-kawahara/.rbenv/versions/3.4.5/include/ruby-3.4.0/ruby/backward -I/home/y-kawahara/.rbenv/versions/3.4.5/include/ruby-3.4.0 -I. -I/home/y-kawahara/fjord-books_app-2023/vendor/bundle/ruby/3.4.0/gems/nokogiri-1.15.3/ports/x86_64-linux/libxml2/2.11.4/include/libxml2 -I/home/y-kawahara/fjord-books_app-2023/vendor/bundle/ruby/3.4.0/gems/nokogiri-1.15.3/ports/x86_64-linux/libxslt/1.1.38/include -I/home/y-kawahara/fjord-books_app-2023/vendor/bundle/ruby/3.4.0/gems/nokogiri-1.15.3/ports/x86_64-linux/libxml2/2.11.4/include/libxml2    -I/home/linuxbrew/.linuxbrew/opt/openssl@3/include -DNOKOGIRI_PACKAGED_LIBRARIES -DNOKOGIRI_LIBXML2_PATCHES="\"0001-Remove-script-macro-support.patch 0002-Update-entities-to-remove-handling-of-ssi.patch 0003-libxml2.la-is-in-top_builddir.patch 0009-allow-wildcard-namespaces.patch 0010-update-config.guess-and-config.sub-for-libxml2.patch 0011-rip-out-libxml2-s-libc_single_threaded-support.patch\"" -DNOKOGIRI_LIBXSLT_PATCHES="\"0001-update-config.guess-and-config.sub-for-libxslt.patch\"" -fstack-protector-strong -U_FORTIFY_SOURCE -D_FORTIFY_SOURCE=2  -O3 -fno-fast-math -ggdb3 -Wall -Wextra -Wdeprecated-declarations -Wdiv-by-zero -Wduplicated-cond -Wimplicit-function-declaration -Wimplicit-int -Wpointer-arith -Wwrite-strings -Wold-style-definition -Wimplicit-fallthrough=0 -Wmissing-noreturn -Wno-cast-function-type -Wno-constant-logical-operand -Wno-long-long -Wno-missing-field-initializers -Wno-overlength-strings -Wno-packed-bitfield-compat -Wno-parentheses-equality -Wno-self-assign -Wno-tautological-compare -Wno-unused-parameter -Wno-unused-value -Wsuggest-attribute=format -Wsuggest-attribute=noreturn -Wunused-variable -Wmisleading-indentation -Wundef  -fPIC -std=c99 -Wno-declaration-after-statement -O2 -g -Winline -Wmissing-noreturn -Wconversion -Wno-sign-conversion  -I/home/y-kawahara/fjord-books_app-2023/vendor/bundle/ruby/3.4.0/gems/nokogiri-1.15.3/ext/nokogiri/ports/x86_64-linux/libgumbo/1.0.0-nokogiri/include -Werror -c conftest.c"
checked program was:
/* begin */
1: #include "ruby.h"
2: 
3: int main(int argc, char **argv)
4: {
5:   return !!argv[argc];
6: }
/* end */

--------------------

have_func: checking for gumbo_parse_with_options() in nokogiri_gumbo.h... -------------------- yes

LD_LIBRARY_PATH=.:/home/y-kawahara/.rbenv/versions/3.4.5/lib:/home/linuxbrew/.linuxbrew/opt/openssl@3/lib:/home/linuxbrew/.linuxbrew/opt/openssl@3/lib: ASAN_OPTIONS=detect_leaks=0 "gcc -o conftest -I/home/y-kawahara/.rbenv/versions/3.4.5/include/ruby-3.4.0/x86_64-linux -I/home/y-kawahara/.rbenv/versions/3.4.5/include/ruby-3.4.0/ruby/backward -I/home/y-kawahara/.rbenv/versions/3.4.5/include/ruby-3.4.0 -I. -I/home/y-kawahara/fjord-books_app-2023/vendor/bundle/ruby/3.4.0/gems/nokogiri-1.15.3/ports/x86_64-linux/libxml2/2.11.4/include/libxml2 -I/home/y-kawahara/fjord-books_app-2023/vendor/bundle/ruby/3.4.0/gems/nokogiri-1.15.3/ports/x86_64-linux/libxslt/1.1.38/include -I/home/y-kawahara/fjord-books_app-2023/vendor/bundle/ruby/3.4.0/gems/nokogiri-1.15.3/ports/x86_64-linux/libxml2/2.11.4/include/libxml2    -I/home/linuxbrew/.linuxbrew/opt/openssl@3/include -DNOKOGIRI_PACKAGED_LIBRARIES -DNOKOGIRI_LIBXML2_PATCHES="\"0001-Remove-script-macro-support.patch 0002-Update-entities-to-remove-handling-of-ssi.patch 0003-libxml2.la-is-in-top_builddir.patch 0009-allow-wildcard-namespaces.patch 0010-update-config.guess-and-config.sub-for-libxml2.patch 0011-rip-out-libxml2-s-libc_single_threaded-support.patch\"" -DNOKOGIRI_LIBXSLT_PATCHES="\"0001-update-config.guess-and-config.sub-for-libxslt.patch\"" -I/home/y-kawahara/fjord-books_app-2023/vendor/bundle/ruby/3.4.0/gems/nokogiri-1.15.3/ext/nokogiri/ports/x86_64-linux/libgumbo/1.0.0-nokogiri/include -fstack-protector-strong -U_FORTIFY_SOURCE -D_FORTIFY_SOURCE=2  -O3 -fno-fast-math -ggdb3 -Wall -Wextra -Wdeprecated-declarations -Wdiv-by-zero -Wduplicated-cond -Wimplicit-function-declaration -Wimplicit-int -Wpointer-arith -Wwrite-strings -Wold-style-definition -Wimplicit-fallthrough=0 -Wmissing-noreturn -Wno-cast-function-type -Wno-constant-logical-operand -Wno-long-long -Wno-missing-field-initializers -Wno-overlength-strings -Wno-packed-bitfield-compat -Wno-parentheses-equality -Wno-self-assign -Wno-tautological-compare -Wno-unused-parameter -Wno-unused-value -Wsuggest-attribute=format -Wsuggest-attribute=noreturn -Wunused-variable -Wmisleading-indentation -Wundef  -fPIC -std=c99 -Wno-declaration-after-statement -O2 -g -Winline -Wmissing-noreturn -Wconversion -Wno-sign-conversion conftest.c -L. -L/home/y-kawahara/.rbenv/versions/3.4.5/lib -Wl,-rpath,/home/y-kawahara/.rbenv/versions/3.4.5/lib -L/home/y-kawahara/fjord-books_app-2023/vendor/bundle/ruby/3.4.0/gems/nokogiri-1.15.3/ports/x86_64-linux/libxml2/2.11.4/lib -Wl,-rpath,/home/y-kawahara/fjord-books_app-2023/vendor/bundle/ruby/3.4.0/gems/nokogiri-1.15.3/ports/x86_64-linux/libxml2/2.11.4/lib -L/home/y-kawahara/fjord-books_app-2023/vendor/bundle/ruby/3.4.0/gems/nokogiri-1.15.3/ports/x86_64-linux/libxslt/1.1.38/lib -Wl,-rpath,/home/y-kawahara/fjord-books_app-2023/vendor/bundle/ruby/3.4.0/gems/nokogiri-1.15.3/ports/x86_64-linux/libxslt/1.1.38/lib -L/home/linuxbrew/.linuxbrew/opt/zlib/lib -Wl,-rpath,/home/linuxbrew/.linuxbrew/opt/zlib/lib -L/home/y-kawahara/fjord-books_app-2023/vendor/bundle/ruby/3.4.0/gems/nokogiri-1.15.3/ext/nokogiri/ports/x86_64-linux/libgumbo/1.0.0-nokogiri/lib -Wl,-rpath,/home/y-kawahara/fjord-books_app-2023/vendor/bundle/ruby/3.4.0/gems/nokogiri-1.15.3/ext/nokogiri/ports/x86_64-linux/libgumbo/1.0.0-nokogiri/lib -L. -fstack-protector-strong -rdynamic -Wl,-export-dynamic -Wl,--no-as-needed -L/home/linuxbrew/.linuxbrew/opt/openssl@3/lib    /home/y-kawahara/fjord-books_app-2023/vendor/bundle/ruby/3.4.0/gems/nokogiri-1.15.3/ports/x86_64-linux/libxslt/1.1.38/lib/libexslt.a -lm -lz /home/y-kawahara/fjord-books_app-2023/vendor/bundle/ruby/3.4.0/gems/nokogiri-1.15.3/ports/x86_64-linux/libxml2/2.11.4/lib/libxml2.a /home/y-kawahara/fjord-books_app-2023/vendor/bundle/ruby/3.4.0/gems/nokogiri-1.15.3/ports/x86_64-linux/libxslt/1.1.38/lib/libxslt.a -lm -lz /home/y-kawahara/fjord-books_app-2023/vendor/bundle/ruby/3.4.0/gems/nokogiri-1.15.3/ports/x86_64-linux/libxml2/2.11.4/lib/libxml2.a /home/y-kawahara/fjord-books_app-2023/vendor/bundle/ruby/3.4.0/gems/nokogiri-1.15.3/ext/nokogiri/ports/x86_64-linux/libgumbo/1.0.0-nokogiri/lib/libgumbo.a -Wl,-rpath,/home/y-kawahara/.rbenv/versions/3.4.5/lib -L/home/y-kawahara/.rbenv/versions/3.4.5/lib -lruby /home/y-kawahara/fjord-books_app-2023/vendor/bundle/ruby/3.4.0/gems/nokogiri-1.15.3/ports/x86_64-linux/libxslt/1.1.38/lib/libexslt.a -lm -lz /home/y-kawahara/fjord-books_app-2023/vendor/bundle/ruby/3.4.0/gems/nokogiri-1.15.3/ports/x86_64-linux/libxml2/2.11.4/lib/libxml2.a /home/y-kawahara/fjord-books_app-2023/vendor/bundle/ruby/3.4.0/gems/nokogiri-1.15.3/ports/x86_64-linux/libxslt/1.1.38/lib/libxslt.a -lm -lz /home/y-kawahara/fjord-books_app-2023/vendor/bundle/ruby/3.4.0/gems/nokogiri-1.15.3/ports/x86_64-linux/libxml2/2.11.4/lib/libxml2.a /home/y-kawahara/fjord-books_app-2023/vendor/bundle/ruby/3.4.0/gems/nokogiri-1.15.3/ext/nokogiri/ports/x86_64-linux/libgumbo/1.0.0-nokogiri/lib/libgumbo.a -lm -lpthread  -lc"
checked program was:
/* begin */
 1: #include "ruby.h"
 2: 
 3: #include <nokogiri_gumbo.h>
 4: 
 5: /*top*/
 6: extern int t(void);
 7: int main(int argc, char **argv)
 8: {
 9:   if (argc > 1000000) {
10:     int (* volatile tp)(void)=(int (*)(void))&t;
11:     printf("%d", (*tp)());
12:   }
13: 
14:   return !!argv[argc];
15: }
16: int t(void) { void ((*volatile p)()); p = (void ((*)()))gumbo_parse_with_options; return !p; }
/* end */

--------------------

have_func: checking for xmlHasFeature()... -------------------- yes

LD_LIBRARY_PATH=.:/home/y-kawahara/.rbenv/versions/3.4.5/lib:/home/linuxbrew/.linuxbrew/opt/openssl@3/lib:/home/linuxbrew/.linuxbrew/opt/openssl@3/lib: ASAN_OPTIONS=detect_leaks=0 "gcc -o conftest -I/home/y-kawahara/.rbenv/versions/3.4.5/include/ruby-3.4.0/x86_64-linux -I/home/y-kawahara/.rbenv/versions/3.4.5/include/ruby-3.4.0/ruby/backward -I/home/y-kawahara/.rbenv/versions/3.4.5/include/ruby-3.4.0 -I. -I/home/y-kawahara/fjord-books_app-2023/vendor/bundle/ruby/3.4.0/gems/nokogiri-1.15.3/ports/x86_64-linux/libxml2/2.11.4/include/libxml2 -I/home/y-kawahara/fjord-books_app-2023/vendor/bundle/ruby/3.4.0/gems/nokogiri-1.15.3/ports/x86_64-linux/libxslt/1.1.38/include -I/home/y-kawahara/fjord-books_app-2023/vendor/bundle/ruby/3.4.0/gems/nokogiri-1.15.3/ports/x86_64-linux/libxml2/2.11.4/include/libxml2    -I/home/linuxbrew/.linuxbrew/opt/openssl@3/include -DNOKOGIRI_PACKAGED_LIBRARIES -DNOKOGIRI_LIBXML2_PATCHES="\"0001-Remove-script-macro-support.patch 0002-Update-entities-to-remove-handling-of-ssi.patch 0003-libxml2.la-is-in-top_builddir.patch 0009-allow-wildcard-namespaces.patch 0010-update-config.guess-and-config.sub-for-libxml2.patch 0011-rip-out-libxml2-s-libc_single_threaded-support.patch\"" -DNOKOGIRI_LIBXSLT_PATCHES="\"0001-update-config.guess-and-config.sub-for-libxslt.patch\"" -I/home/y-kawahara/fjord-books_app-2023/vendor/bundle/ruby/3.4.0/gems/nokogiri-1.15.3/ext/nokogiri/ports/x86_64-linux/libgumbo/1.0.0-nokogiri/include -fstack-protector-strong -U_FORTIFY_SOURCE -D_FORTIFY_SOURCE=2  -O3 -fno-fast-math -ggdb3 -Wall -Wextra -Wdeprecated-declarations -Wdiv-by-zero -Wduplicated-cond -Wimplicit-function-declaration -Wimplicit-int -Wpointer-arith -Wwrite-strings -Wold-style-definition -Wimplicit-fallthrough=0 -Wmissing-noreturn -Wno-cast-function-type -Wno-constant-logical-operand -Wno-long-long -Wno-missing-field-initializers -Wno-overlength-strings -Wno-packed-bitfield-compat -Wno-parentheses-equality -Wno-self-assign -Wno-tautological-compare -Wno-unused-parameter -Wno-unused-value -Wsuggest-attribute=format -Wsuggest-attribute=noreturn -Wunused-variable -Wmisleading-indentation -Wundef  -fPIC -std=c99 -Wno-declaration-after-statement -O2 -g -Winline -Wmissing-noreturn -Wconversion -Wno-sign-conversion conftest.c -L. -L/home/y-kawahara/.rbenv/versions/3.4.5/lib -Wl,-rpath,/home/y-kawahara/.rbenv/versions/3.4.5/lib -L/home/y-kawahara/fjord-books_app-2023/vendor/bundle/ruby/3.4.0/gems/nokogiri-1.15.3/ports/x86_64-linux/libxml2/2.11.4/lib -Wl,-rpath,/home/y-kawahara/fjord-books_app-2023/vendor/bundle/ruby/3.4.0/gems/nokogiri-1.15.3/ports/x86_64-linux/libxml2/2.11.4/lib -L/home/y-kawahara/fjord-books_app-2023/vendor/bundle/ruby/3.4.0/gems/nokogiri-1.15.3/ports/x86_64-linux/libxslt/1.1.38/lib -Wl,-rpath,/home/y-kawahara/fjord-books_app-2023/vendor/bundle/ruby/3.4.0/gems/nokogiri-1.15.3/ports/x86_64-linux/libxslt/1.1.38/lib -L/home/linuxbrew/.linuxbrew/opt/zlib/lib -Wl,-rpath,/home/linuxbrew/.linuxbrew/opt/zlib/lib -L/home/y-kawahara/fjord-books_app-2023/vendor/bundle/ruby/3.4.0/gems/nokogiri-1.15.3/ext/nokogiri/ports/x86_64-linux/libgumbo/1.0.0-nokogiri/lib -Wl,-rpath,/home/y-kawahara/fjord-books_app-2023/vendor/bundle/ruby/3.4.0/gems/nokogiri-1.15.3/ext/nokogiri/ports/x86_64-linux/libgumbo/1.0.0-nokogiri/lib -L. -fstack-protector-strong -rdynamic -Wl,-export-dynamic -Wl,--no-as-needed -L/home/linuxbrew/.linuxbrew/opt/openssl@3/lib    /home/y-kawahara/fjord-books_app-2023/vendor/bundle/ruby/3.4.0/gems/nokogiri-1.15.3/ports/x86_64-linux/libxslt/1.1.38/lib/libexslt.a -lm -lz /home/y-kawahara/fjord-books_app-2023/vendor/bundle/ruby/3.4.0/gems/nokogiri-1.15.3/ports/x86_64-linux/libxml2/2.11.4/lib/libxml2.a /home/y-kawahara/fjord-books_app-2023/vendor/bundle/ruby/3.4.0/gems/nokogiri-1.15.3/ports/x86_64-linux/libxslt/1.1.38/lib/libxslt.a -lm -lz /home/y-kawahara/fjord-books_app-2023/vendor/bundle/ruby/3.4.0/gems/nokogiri-1.15.3/ports/x86_64-linux/libxml2/2.11.4/lib/libxml2.a /home/y-kawahara/fjord-books_app-2023/vendor/bundle/ruby/3.4.0/gems/nokogiri-1.15.3/ext/nokogiri/ports/x86_64-linux/libgumbo/1.0.0-nokogiri/lib/libgumbo.a -Wl,-rpath,/home/y-kawahara/.rbenv/versions/3.4.5/lib -L/home/y-kawahara/.rbenv/versions/3.4.5/lib -lruby /home/y-kawahara/fjord-books_app-2023/vendor/bundle/ruby/3.4.0/gems/nokogiri-1.15.3/ports/x86_64-linux/libxslt/1.1.38/lib/libexslt.a -lm -lz /home/y-kawahara/fjord-books_app-2023/vendor/bundle/ruby/3.4.0/gems/nokogiri-1.15.3/ports/x86_64-linux/libxml2/2.11.4/lib/libxml2.a /home/y-kawahara/fjord-books_app-2023/vendor/bundle/ruby/3.4.0/gems/nokogiri-1.15.3/ports/x86_64-linux/libxslt/1.1.38/lib/libxslt.a -lm -lz /home/y-kawahara/fjord-books_app-2023/vendor/bundle/ruby/3.4.0/gems/nokogiri-1.15.3/ports/x86_64-linux/libxml2/2.11.4/lib/libxml2.a /home/y-kawahara/fjord-books_app-2023/vendor/bundle/ruby/3.4.0/gems/nokogiri-1.15.3/ext/nokogiri/ports/x86_64-linux/libgumbo/1.0.0-nokogiri/lib/libgumbo.a -lm -lpthread  -lc"
conftest.c: In function ‘t’:
conftest.c:14:57: error: ‘xmlHasFeature’ undeclared (first use in this function)
   14 | int t(void) { void ((*volatile p)()); p = (void ((*)()))xmlHasFeature; return !p; }
      |                                                         ^~~~~~~~~~~~~
conftest.c:14:57: note: each undeclared identifier is reported only once for each function it appears in
At top level:
cc1: note: unrecognized command-line option ‘-Wno-self-assign’ may have been intended to silence earlier diagnostics
cc1: note: unrecognized command-line option ‘-Wno-parentheses-equality’ may have been intended to silence earlier diagnostics
cc1: note: unrecognized command-line option ‘-Wno-constant-logical-operand’ may have been intended to silence earlier diagnostics
checked program was:
/* begin */
 1: #include "ruby.h"
 2: 
 3: /*top*/
 4: extern int t(void);
 5: int main(int argc, char **argv)
 6: {
 7:   if (argc > 1000000) {
 8:     int (* volatile tp)(void)=(int (*)(void))&t;
 9:     printf("%d", (*tp)());
10:   }
11: 
12:   return !!argv[argc];
13: }
14: int t(void) { void ((*volatile p)()); p = (void ((*)()))xmlHasFeature; return !p; }
/* end */

LD_LIBRARY_PATH=.:/home/y-kawahara/.rbenv/versions/3.4.5/lib:/home/linuxbrew/.linuxbrew/opt/openssl@3/lib:/home/linuxbrew/.linuxbrew/opt/openssl@3/lib: ASAN_OPTIONS=detect_leaks=0 "gcc -o conftest -I/home/y-kawahara/.rbenv/versions/3.4.5/include/ruby-3.4.0/x86_64-linux -I/home/y-kawahara/.rbenv/versions/3.4.5/include/ruby-3.4.0/ruby/backward -I/home/y-kawahara/.rbenv/versions/3.4.5/include/ruby-3.4.0 -I. -I/home/y-kawahara/fjord-books_app-2023/vendor/bundle/ruby/3.4.0/gems/nokogiri-1.15.3/ports/x86_64-linux/libxml2/2.11.4/include/libxml2 -I/home/y-kawahara/fjord-books_app-2023/vendor/bundle/ruby/3.4.0/gems/nokogiri-1.15.3/ports/x86_64-linux/libxslt/1.1.38/include -I/home/y-kawahara/fjord-books_app-2023/vendor/bundle/ruby/3.4.0/gems/nokogiri-1.15.3/ports/x86_64-linux/libxml2/2.11.4/include/libxml2    -I/home/linuxbrew/.linuxbrew/opt/openssl@3/include -DNOKOGIRI_PACKAGED_LIBRARIES -DNOKOGIRI_LIBXML2_PATCHES="\"0001-Remove-script-macro-support.patch 0002-Update-entities-to-remove-handling-of-ssi.patch 0003-libxml2.la-is-in-top_builddir.patch 0009-allow-wildcard-namespaces.patch 0010-update-config.guess-and-config.sub-for-libxml2.patch 0011-rip-out-libxml2-s-libc_single_threaded-support.patch\"" -DNOKOGIRI_LIBXSLT_PATCHES="\"0001-update-config.guess-and-config.sub-for-libxslt.patch\"" -I/home/y-kawahara/fjord-books_app-2023/vendor/bundle/ruby/3.4.0/gems/nokogiri-1.15.3/ext/nokogiri/ports/x86_64-linux/libgumbo/1.0.0-nokogiri/include -fstack-protector-strong -U_FORTIFY_SOURCE -D_FORTIFY_SOURCE=2  -O3 -fno-fast-math -ggdb3 -Wall -Wextra -Wdeprecated-declarations -Wdiv-by-zero -Wduplicated-cond -Wimplicit-function-declaration -Wimplicit-int -Wpointer-arith -Wwrite-strings -Wold-style-definition -Wimplicit-fallthrough=0 -Wmissing-noreturn -Wno-cast-function-type -Wno-constant-logical-operand -Wno-long-long -Wno-missing-field-initializers -Wno-overlength-strings -Wno-packed-bitfield-compat -Wno-parentheses-equality -Wno-self-assign -Wno-tautological-compare -Wno-unused-parameter -Wno-unused-value -Wsuggest-attribute=format -Wsuggest-attribute=noreturn -Wunused-variable -Wmisleading-indentation -Wundef  -fPIC -std=c99 -Wno-declaration-after-statement -O2 -g -Winline -Wmissing-noreturn -Wconversion -Wno-sign-conversion conftest.c -L. -L/home/y-kawahara/.rbenv/versions/3.4.5/lib -Wl,-rpath,/home/y-kawahara/.rbenv/versions/3.4.5/lib -L/home/y-kawahara/fjord-books_app-2023/vendor/bundle/ruby/3.4.0/gems/nokogiri-1.15.3/ports/x86_64-linux/libxml2/2.11.4/lib -Wl,-rpath,/home/y-kawahara/fjord-books_app-2023/vendor/bundle/ruby/3.4.0/gems/nokogiri-1.15.3/ports/x86_64-linux/libxml2/2.11.4/lib -L/home/y-kawahara/fjord-books_app-2023/vendor/bundle/ruby/3.4.0/gems/nokogiri-1.15.3/ports/x86_64-linux/libxslt/1.1.38/lib -Wl,-rpath,/home/y-kawahara/fjord-books_app-2023/vendor/bundle/ruby/3.4.0/gems/nokogiri-1.15.3/ports/x86_64-linux/libxslt/1.1.38/lib -L/home/linuxbrew/.linuxbrew/opt/zlib/lib -Wl,-rpath,/home/linuxbrew/.linuxbrew/opt/zlib/lib -L/home/y-kawahara/fjord-books_app-2023/vendor/bundle/ruby/3.4.0/gems/nokogiri-1.15.3/ext/nokogiri/ports/x86_64-linux/libgumbo/1.0.0-nokogiri/lib -Wl,-rpath,/home/y-kawahara/fjord-books_app-2023/vendor/bundle/ruby/3.4.0/gems/nokogiri-1.15.3/ext/nokogiri/ports/x86_64-linux/libgumbo/1.0.0-nokogiri/lib -L. -fstack-protector-strong -rdynamic -Wl,-export-dynamic -Wl,--no-as-needed -L/home/linuxbrew/.linuxbrew/opt/openssl@3/lib    /home/y-kawahara/fjord-books_app-2023/vendor/bundle/ruby/3.4.0/gems/nokogiri-1.15.3/ports/x86_64-linux/libxslt/1.1.38/lib/libexslt.a -lm -lz /home/y-kawahara/fjord-books_app-2023/vendor/bundle/ruby/3.4.0/gems/nokogiri-1.15.3/ports/x86_64-linux/libxml2/2.11.4/lib/libxml2.a /home/y-kawahara/fjord-books_app-2023/vendor/bundle/ruby/3.4.0/gems/nokogiri-1.15.3/ports/x86_64-linux/libxslt/1.1.38/lib/libxslt.a -lm -lz /home/y-kawahara/fjord-books_app-2023/vendor/bundle/ruby/3.4.0/gems/nokogiri-1.15.3/ports/x86_64-linux/libxml2/2.11.4/lib/libxml2.a /home/y-kawahara/fjord-books_app-2023/vendor/bundle/ruby/3.4.0/gems/nokogiri-1.15.3/ext/nokogiri/ports/x86_64-linux/libgumbo/1.0.0-nokogiri/lib/libgumbo.a -Wl,-rpath,/home/y-kawahara/.rbenv/versions/3.4.5/lib -L/home/y-kawahara/.rbenv/versions/3.4.5/lib -lruby /home/y-kawahara/fjord-books_app-2023/vendor/bundle/ruby/3.4.0/gems/nokogiri-1.15.3/ports/x86_64-linux/libxslt/1.1.38/lib/libexslt.a -lm -lz /home/y-kawahara/fjord-books_app-2023/vendor/bundle/ruby/3.4.0/gems/nokogiri-1.15.3/ports/x86_64-linux/libxml2/2.11.4/lib/libxml2.a /home/y-kawahara/fjord-books_app-2023/vendor/bundle/ruby/3.4.0/gems/nokogiri-1.15.3/ports/x86_64-linux/libxslt/1.1.38/lib/libxslt.a -lm -lz /home/y-kawahara/fjord-books_app-2023/vendor/bundle/ruby/3.4.0/gems/nokogiri-1.15.3/ports/x86_64-linux/libxml2/2.11.4/lib/libxml2.a /home/y-kawahara/fjord-books_app-2023/vendor/bundle/ruby/3.4.0/gems/nokogiri-1.15.3/ext/nokogiri/ports/x86_64-linux/libgumbo/1.0.0-nokogiri/lib/libgumbo.a -lm -lpthread  -lc"
checked program was:
/* begin */
 1: #include "ruby.h"
 2: 
 3: /*top*/
 4: extern int t(void);
 5: int main(int argc, char **argv)
 6: {
 7:   if (argc > 1000000) {
 8:     int (* volatile tp)(void)=(int (*)(void))&t;
 9:     printf("%d", (*tp)());
10:   }
11: 
12:   return !!argv[argc];
13: }
14: extern void xmlHasFeature();
15: int t(void) { xmlHasFeature(); return 0; }
/* end */

--------------------

have_func: checking for xmlFirstElementChild()... -------------------- yes

LD_LIBRARY_PATH=.:/home/y-kawahara/.rbenv/versions/3.4.5/lib:/home/linuxbrew/.linuxbrew/opt/openssl@3/lib:/home/linuxbrew/.linuxbrew/opt/openssl@3/lib: ASAN_OPTIONS=detect_leaks=0 "gcc -o conftest -I/home/y-kawahara/.rbenv/versions/3.4.5/include/ruby-3.4.0/x86_64-linux -I/home/y-kawahara/.rbenv/versions/3.4.5/include/ruby-3.4.0/ruby/backward -I/home/y-kawahara/.rbenv/versions/3.4.5/include/ruby-3.4.0 -I. -I/home/y-kawahara/fjord-books_app-2023/vendor/bundle/ruby/3.4.0/gems/nokogiri-1.15.3/ports/x86_64-linux/libxml2/2.11.4/include/libxml2 -I/home/y-kawahara/fjord-books_app-2023/vendor/bundle/ruby/3.4.0/gems/nokogiri-1.15.3/ports/x86_64-linux/libxslt/1.1.38/include -I/home/y-kawahara/fjord-books_app-2023/vendor/bundle/ruby/3.4.0/gems/nokogiri-1.15.3/ports/x86_64-linux/libxml2/2.11.4/include/libxml2    -I/home/linuxbrew/.linuxbrew/opt/openssl@3/include -DNOKOGIRI_PACKAGED_LIBRARIES -DNOKOGIRI_LIBXML2_PATCHES="\"0001-Remove-script-macro-support.patch 0002-Update-entities-to-remove-handling-of-ssi.patch 0003-libxml2.la-is-in-top_builddir.patch 0009-allow-wildcard-namespaces.patch 0010-update-config.guess-and-config.sub-for-libxml2.patch 0011-rip-out-libxml2-s-libc_single_threaded-support.patch\"" -DNOKOGIRI_LIBXSLT_PATCHES="\"0001-update-config.guess-and-config.sub-for-libxslt.patch\"" -I/home/y-kawahara/fjord-books_app-2023/vendor/bundle/ruby/3.4.0/gems/nokogiri-1.15.3/ext/nokogiri/ports/x86_64-linux/libgumbo/1.0.0-nokogiri/include -fstack-protector-strong -U_FORTIFY_SOURCE -D_FORTIFY_SOURCE=2  -O3 -fno-fast-math -ggdb3 -Wall -Wextra -Wdeprecated-declarations -Wdiv-by-zero -Wduplicated-cond -Wimplicit-function-declaration -Wimplicit-int -Wpointer-arith -Wwrite-strings -Wold-style-definition -Wimplicit-fallthrough=0 -Wmissing-noreturn -Wno-cast-function-type -Wno-constant-logical-operand -Wno-long-long -Wno-missing-field-initializers -Wno-overlength-strings -Wno-packed-bitfield-compat -Wno-parentheses-equality -Wno-self-assign -Wno-tautological-compare -Wno-unused-parameter -Wno-unused-value -Wsuggest-attribute=format -Wsuggest-attribute=noreturn -Wunused-variable -Wmisleading-indentation -Wundef  -fPIC -std=c99 -Wno-declaration-after-statement -O2 -g -Winline -Wmissing-noreturn -Wconversion -Wno-sign-conversion conftest.c -L. -L/home/y-kawahara/.rbenv/versions/3.4.5/lib -Wl,-rpath,/home/y-kawahara/.rbenv/versions/3.4.5/lib -L/home/y-kawahara/fjord-books_app-2023/vendor/bundle/ruby/3.4.0/gems/nokogiri-1.15.3/ports/x86_64-linux/libxml2/2.11.4/lib -Wl,-rpath,/home/y-kawahara/fjord-books_app-2023/vendor/bundle/ruby/3.4.0/gems/nokogiri-1.15.3/ports/x86_64-linux/libxml2/2.11.4/lib -L/home/y-kawahara/fjord-books_app-2023/vendor/bundle/ruby/3.4.0/gems/nokogiri-1.15.3/ports/x86_64-linux/libxslt/1.1.38/lib -Wl,-rpath,/home/y-kawahara/fjord-books_app-2023/vendor/bundle/ruby/3.4.0/gems/nokogiri-1.15.3/ports/x86_64-linux/libxslt/1.1.38/lib -L/home/linuxbrew/.linuxbrew/opt/zlib/lib -Wl,-rpath,/home/linuxbrew/.linuxbrew/opt/zlib/lib -L/home/y-kawahara/fjord-books_app-2023/vendor/bundle/ruby/3.4.0/gems/nokogiri-1.15.3/ext/nokogiri/ports/x86_64-linux/libgumbo/1.0.0-nokogiri/lib -Wl,-rpath,/home/y-kawahara/fjord-books_app-2023/vendor/bundle/ruby/3.4.0/gems/nokogiri-1.15.3/ext/nokogiri/ports/x86_64-linux/libgumbo/1.0.0-nokogiri/lib -L. -fstack-protector-strong -rdynamic -Wl,-export-dynamic -Wl,--no-as-needed -L/home/linuxbrew/.linuxbrew/opt/openssl@3/lib    /home/y-kawahara/fjord-books_app-2023/vendor/bundle/ruby/3.4.0/gems/nokogiri-1.15.3/ports/x86_64-linux/libxslt/1.1.38/lib/libexslt.a -lm -lz /home/y-kawahara/fjord-books_app-2023/vendor/bundle/ruby/3.4.0/gems/nokogiri-1.15.3/ports/x86_64-linux/libxml2/2.11.4/lib/libxml2.a /home/y-kawahara/fjord-books_app-2023/vendor/bundle/ruby/3.4.0/gems/nokogiri-1.15.3/ports/x86_64-linux/libxslt/1.1.38/lib/libxslt.a -lm -lz /home/y-kawahara/fjord-books_app-2023/vendor/bundle/ruby/3.4.0/gems/nokogiri-1.15.3/ports/x86_64-linux/libxml2/2.11.4/lib/libxml2.a /home/y-kawahara/fjord-books_app-2023/vendor/bundle/ruby/3.4.0/gems/nokogiri-1.15.3/ext/nokogiri/ports/x86_64-linux/libgumbo/1.0.0-nokogiri/lib/libgumbo.a -Wl,-rpath,/home/y-kawahara/.rbenv/versions/3.4.5/lib -L/home/y-kawahara/.rbenv/versions/3.4.5/lib -lruby /home/y-kawahara/fjord-books_app-2023/vendor/bundle/ruby/3.4.0/gems/nokogiri-1.15.3/ports/x86_64-linux/libxslt/1.1.38/lib/libexslt.a -lm -lz /home/y-kawahara/fjord-books_app-2023/vendor/bundle/ruby/3.4.0/gems/nokogiri-1.15.3/ports/x86_64-linux/libxml2/2.11.4/lib/libxml2.a /home/y-kawahara/fjord-books_app-2023/vendor/bundle/ruby/3.4.0/gems/nokogiri-1.15.3/ports/x86_64-linux/libxslt/1.1.38/lib/libxslt.a -lm -lz /home/y-kawahara/fjord-books_app-2023/vendor/bundle/ruby/3.4.0/gems/nokogiri-1.15.3/ports/x86_64-linux/libxml2/2.11.4/lib/libxml2.a /home/y-kawahara/fjord-books_app-2023/vendor/bundle/ruby/3.4.0/gems/nokogiri-1.15.3/ext/nokogiri/ports/x86_64-linux/libgumbo/1.0.0-nokogiri/lib/libgumbo.a -lm -lpthread  -lc"
conftest.c: In function ‘t’:
conftest.c:14:57: error: ‘xmlFirstElementChild’ undeclared (first use in this function)
   14 | int t(void) { void ((*volatile p)()); p = (void ((*)()))xmlFirstElementChild; return !p; }
      |                                                         ^~~~~~~~~~~~~~~~~~~~
conftest.c:14:57: note: each undeclared identifier is reported only once for each function it appears in
At top level:
cc1: note: unrecognized command-line option ‘-Wno-self-assign’ may have been intended to silence earlier diagnostics
cc1: note: unrecognized command-line option ‘-Wno-parentheses-equality’ may have been intended to silence earlier diagnostics
cc1: note: unrecognized command-line option ‘-Wno-constant-logical-operand’ may have been intended to silence earlier diagnostics
checked program was:
/* begin */
 1: #include "ruby.h"
 2: 
 3: /*top*/
 4: extern int t(void);
 5: int main(int argc, char **argv)
 6: {
 7:   if (argc > 1000000) {
 8:     int (* volatile tp)(void)=(int (*)(void))&t;
 9:     printf("%d", (*tp)());
10:   }
11: 
12:   return !!argv[argc];
13: }
14: int t(void) { void ((*volatile p)()); p = (void ((*)()))xmlFirstElementChild; return !p; }
/* end */

LD_LIBRARY_PATH=.:/home/y-kawahara/.rbenv/versions/3.4.5/lib:/home/linuxbrew/.linuxbrew/opt/openssl@3/lib:/home/linuxbrew/.linuxbrew/opt/openssl@3/lib: ASAN_OPTIONS=detect_leaks=0 "gcc -o conftest -I/home/y-kawahara/.rbenv/versions/3.4.5/include/ruby-3.4.0/x86_64-linux -I/home/y-kawahara/.rbenv/versions/3.4.5/include/ruby-3.4.0/ruby/backward -I/home/y-kawahara/.rbenv/versions/3.4.5/include/ruby-3.4.0 -I. -I/home/y-kawahara/fjord-books_app-2023/vendor/bundle/ruby/3.4.0/gems/nokogiri-1.15.3/ports/x86_64-linux/libxml2/2.11.4/include/libxml2 -I/home/y-kawahara/fjord-books_app-2023/vendor/bundle/ruby/3.4.0/gems/nokogiri-1.15.3/ports/x86_64-linux/libxslt/1.1.38/include -I/home/y-kawahara/fjord-books_app-2023/vendor/bundle/ruby/3.4.0/gems/nokogiri-1.15.3/ports/x86_64-linux/libxml2/2.11.4/include/libxml2    -I/home/linuxbrew/.linuxbrew/opt/openssl@3/include -DNOKOGIRI_PACKAGED_LIBRARIES -DNOKOGIRI_LIBXML2_PATCHES="\"0001-Remove-script-macro-support.patch 0002-Update-entities-to-remove-handling-of-ssi.patch 0003-libxml2.la-is-in-top_builddir.patch 0009-allow-wildcard-namespaces.patch 0010-update-config.guess-and-config.sub-for-libxml2.patch 0011-rip-out-libxml2-s-libc_single_threaded-support.patch\"" -DNOKOGIRI_LIBXSLT_PATCHES="\"0001-update-config.guess-and-config.sub-for-libxslt.patch\"" -I/home/y-kawahara/fjord-books_app-2023/vendor/bundle/ruby/3.4.0/gems/nokogiri-1.15.3/ext/nokogiri/ports/x86_64-linux/libgumbo/1.0.0-nokogiri/include -fstack-protector-strong -U_FORTIFY_SOURCE -D_FORTIFY_SOURCE=2  -O3 -fno-fast-math -ggdb3 -Wall -Wextra -Wdeprecated-declarations -Wdiv-by-zero -Wduplicated-cond -Wimplicit-function-declaration -Wimplicit-int -Wpointer-arith -Wwrite-strings -Wold-style-definition -Wimplicit-fallthrough=0 -Wmissing-noreturn -Wno-cast-function-type -Wno-constant-logical-operand -Wno-long-long -Wno-missing-field-initializers -Wno-overlength-strings -Wno-packed-bitfield-compat -Wno-parentheses-equality -Wno-self-assign -Wno-tautological-compare -Wno-unused-parameter -Wno-unused-value -Wsuggest-attribute=format -Wsuggest-attribute=noreturn -Wunused-variable -Wmisleading-indentation -Wundef  -fPIC -std=c99 -Wno-declaration-after-statement -O2 -g -Winline -Wmissing-noreturn -Wconversion -Wno-sign-conversion conftest.c -L. -L/home/y-kawahara/.rbenv/versions/3.4.5/lib -Wl,-rpath,/home/y-kawahara/.rbenv/versions/3.4.5/lib -L/home/y-kawahara/fjord-books_app-2023/vendor/bundle/ruby/3.4.0/gems/nokogiri-1.15.3/ports/x86_64-linux/libxml2/2.11.4/lib -Wl,-rpath,/home/y-kawahara/fjord-books_app-2023/vendor/bundle/ruby/3.4.0/gems/nokogiri-1.15.3/ports/x86_64-linux/libxml2/2.11.4/lib -L/home/y-kawahara/fjord-books_app-2023/vendor/bundle/ruby/3.4.0/gems/nokogiri-1.15.3/ports/x86_64-linux/libxslt/1.1.38/lib -Wl,-rpath,/home/y-kawahara/fjord-books_app-2023/vendor/bundle/ruby/3.4.0/gems/nokogiri-1.15.3/ports/x86_64-linux/libxslt/1.1.38/lib -L/home/linuxbrew/.linuxbrew/opt/zlib/lib -Wl,-rpath,/home/linuxbrew/.linuxbrew/opt/zlib/lib -L/home/y-kawahara/fjord-books_app-2023/vendor/bundle/ruby/3.4.0/gems/nokogiri-1.15.3/ext/nokogiri/ports/x86_64-linux/libgumbo/1.0.0-nokogiri/lib -Wl,-rpath,/home/y-kawahara/fjord-books_app-2023/vendor/bundle/ruby/3.4.0/gems/nokogiri-1.15.3/ext/nokogiri/ports/x86_64-linux/libgumbo/1.0.0-nokogiri/lib -L. -fstack-protector-strong -rdynamic -Wl,-export-dynamic -Wl,--no-as-needed -L/home/linuxbrew/.linuxbrew/opt/openssl@3/lib    /home/y-kawahara/fjord-books_app-2023/vendor/bundle/ruby/3.4.0/gems/nokogiri-1.15.3/ports/x86_64-linux/libxslt/1.1.38/lib/libexslt.a -lm -lz /home/y-kawahara/fjord-books_app-2023/vendor/bundle/ruby/3.4.0/gems/nokogiri-1.15.3/ports/x86_64-linux/libxml2/2.11.4/lib/libxml2.a /home/y-kawahara/fjord-books_app-2023/vendor/bundle/ruby/3.4.0/gems/nokogiri-1.15.3/ports/x86_64-linux/libxslt/1.1.38/lib/libxslt.a -lm -lz /home/y-kawahara/fjord-books_app-2023/vendor/bundle/ruby/3.4.0/gems/nokogiri-1.15.3/ports/x86_64-linux/libxml2/2.11.4/lib/libxml2.a /home/y-kawahara/fjord-books_app-2023/vendor/bundle/ruby/3.4.0/gems/nokogiri-1.15.3/ext/nokogiri/ports/x86_64-linux/libgumbo/1.0.0-nokogiri/lib/libgumbo.a -Wl,-rpath,/home/y-kawahara/.rbenv/versions/3.4.5/lib -L/home/y-kawahara/.rbenv/versions/3.4.5/lib -lruby /home/y-kawahara/fjord-books_app-2023/vendor/bundle/ruby/3.4.0/gems/nokogiri-1.15.3/ports/x86_64-linux/libxslt/1.1.38/lib/libexslt.a -lm -lz /home/y-kawahara/fjord-books_app-2023/vendor/bundle/ruby/3.4.0/gems/nokogiri-1.15.3/ports/x86_64-linux/libxml2/2.11.4/lib/libxml2.a /home/y-kawahara/fjord-books_app-2023/vendor/bundle/ruby/3.4.0/gems/nokogiri-1.15.3/ports/x86_64-linux/libxslt/1.1.38/lib/libxslt.a -lm -lz /home/y-kawahara/fjord-books_app-2023/vendor/bundle/ruby/3.4.0/gems/nokogiri-1.15.3/ports/x86_64-linux/libxml2/2.11.4/lib/libxml2.a /home/y-kawahara/fjord-books_app-2023/vendor/bundle/ruby/3.4.0/gems/nokogiri-1.15.3/ext/nokogiri/ports/x86_64-linux/libgumbo/1.0.0-nokogiri/lib/libgumbo.a -lm -lpthread  -lc"
checked program was:
/* begin */
 1: #include "ruby.h"
 2: 
 3: /*top*/
 4: extern int t(void);
 5: int main(int argc, char **argv)
 6: {
 7:   if (argc > 1000000) {
 8:     int (* volatile tp)(void)=(int (*)(void))&t;
 9:     printf("%d", (*tp)());
10:   }
11: 
12:   return !!argv[argc];
13: }
14: extern void xmlFirstElementChild();
15: int t(void) { xmlFirstElementChild(); return 0; }
/* end */

--------------------

have_func: checking for xmlRelaxNGSetParserStructuredErrors()... -------------------- yes

LD_LIBRARY_PATH=.:/home/y-kawahara/.rbenv/versions/3.4.5/lib:/home/linuxbrew/.linuxbrew/opt/openssl@3/lib:/home/linuxbrew/.linuxbrew/opt/openssl@3/lib: ASAN_OPTIONS=detect_leaks=0 "gcc -o conftest -I/home/y-kawahara/.rbenv/versions/3.4.5/include/ruby-3.4.0/x86_64-linux -I/home/y-kawahara/.rbenv/versions/3.4.5/include/ruby-3.4.0/ruby/backward -I/home/y-kawahara/.rbenv/versions/3.4.5/include/ruby-3.4.0 -I. -I/home/y-kawahara/fjord-books_app-2023/vendor/bundle/ruby/3.4.0/gems/nokogiri-1.15.3/ports/x86_64-linux/libxml2/2.11.4/include/libxml2 -I/home/y-kawahara/fjord-books_app-2023/vendor/bundle/ruby/3.4.0/gems/nokogiri-1.15.3/ports/x86_64-linux/libxslt/1.1.38/include -I/home/y-kawahara/fjord-books_app-2023/vendor/bundle/ruby/3.4.0/gems/nokogiri-1.15.3/ports/x86_64-linux/libxml2/2.11.4/include/libxml2    -I/home/linuxbrew/.linuxbrew/opt/openssl@3/include -DNOKOGIRI_PACKAGED_LIBRARIES -DNOKOGIRI_LIBXML2_PATCHES="\"0001-Remove-script-macro-support.patch 0002-Update-entities-to-remove-handling-of-ssi.patch 0003-libxml2.la-is-in-top_builddir.patch 0009-allow-wildcard-namespaces.patch 0010-update-config.guess-and-config.sub-for-libxml2.patch 0011-rip-out-libxml2-s-libc_single_threaded-support.patch\"" -DNOKOGIRI_LIBXSLT_PATCHES="\"0001-update-config.guess-and-config.sub-for-libxslt.patch\"" -I/home/y-kawahara/fjord-books_app-2023/vendor/bundle/ruby/3.4.0/gems/nokogiri-1.15.3/ext/nokogiri/ports/x86_64-linux/libgumbo/1.0.0-nokogiri/include -fstack-protector-strong -U_FORTIFY_SOURCE -D_FORTIFY_SOURCE=2  -O3 -fno-fast-math -ggdb3 -Wall -Wextra -Wdeprecated-declarations -Wdiv-by-zero -Wduplicated-cond -Wimplicit-function-declaration -Wimplicit-int -Wpointer-arith -Wwrite-strings -Wold-style-definition -Wimplicit-fallthrough=0 -Wmissing-noreturn -Wno-cast-function-type -Wno-constant-logical-operand -Wno-long-long -Wno-missing-field-initializers -Wno-overlength-strings -Wno-packed-bitfield-compat -Wno-parentheses-equality -Wno-self-assign -Wno-tautological-compare -Wno-unused-parameter -Wno-unused-value -Wsuggest-attribute=format -Wsuggest-attribute=noreturn -Wunused-variable -Wmisleading-indentation -Wundef  -fPIC -std=c99 -Wno-declaration-after-statement -O2 -g -Winline -Wmissing-noreturn -Wconversion -Wno-sign-conversion conftest.c -L. -L/home/y-kawahara/.rbenv/versions/3.4.5/lib -Wl,-rpath,/home/y-kawahara/.rbenv/versions/3.4.5/lib -L/home/y-kawahara/fjord-books_app-2023/vendor/bundle/ruby/3.4.0/gems/nokogiri-1.15.3/ports/x86_64-linux/libxml2/2.11.4/lib -Wl,-rpath,/home/y-kawahara/fjord-books_app-2023/vendor/bundle/ruby/3.4.0/gems/nokogiri-1.15.3/ports/x86_64-linux/libxml2/2.11.4/lib -L/home/y-kawahara/fjord-books_app-2023/vendor/bundle/ruby/3.4.0/gems/nokogiri-1.15.3/ports/x86_64-linux/libxslt/1.1.38/lib -Wl,-rpath,/home/y-kawahara/fjord-books_app-2023/vendor/bundle/ruby/3.4.0/gems/nokogiri-1.15.3/ports/x86_64-linux/libxslt/1.1.38/lib -L/home/linuxbrew/.linuxbrew/opt/zlib/lib -Wl,-rpath,/home/linuxbrew/.linuxbrew/opt/zlib/lib -L/home/y-kawahara/fjord-books_app-2023/vendor/bundle/ruby/3.4.0/gems/nokogiri-1.15.3/ext/nokogiri/ports/x86_64-linux/libgumbo/1.0.0-nokogiri/lib -Wl,-rpath,/home/y-kawahara/fjord-books_app-2023/vendor/bundle/ruby/3.4.0/gems/nokogiri-1.15.3/ext/nokogiri/ports/x86_64-linux/libgumbo/1.0.0-nokogiri/lib -L. -fstack-protector-strong -rdynamic -Wl,-export-dynamic -Wl,--no-as-needed -L/home/linuxbrew/.linuxbrew/opt/openssl@3/lib    /home/y-kawahara/fjord-books_app-2023/vendor/bundle/ruby/3.4.0/gems/nokogiri-1.15.3/ports/x86_64-linux/libxslt/1.1.38/lib/libexslt.a -lm -lz /home/y-kawahara/fjord-books_app-2023/vendor/bundle/ruby/3.4.0/gems/nokogiri-1.15.3/ports/x86_64-linux/libxml2/2.11.4/lib/libxml2.a /home/y-kawahara/fjord-books_app-2023/vendor/bundle/ruby/3.4.0/gems/nokogiri-1.15.3/ports/x86_64-linux/libxslt/1.1.38/lib/libxslt.a -lm -lz /home/y-kawahara/fjord-books_app-2023/vendor/bundle/ruby/3.4.0/gems/nokogiri-1.15.3/ports/x86_64-linux/libxml2/2.11.4/lib/libxml2.a /home/y-kawahara/fjord-books_app-2023/vendor/bundle/ruby/3.4.0/gems/nokogiri-1.15.3/ext/nokogiri/ports/x86_64-linux/libgumbo/1.0.0-nokogiri/lib/libgumbo.a -Wl,-rpath,/home/y-kawahara/.rbenv/versions/3.4.5/lib -L/home/y-kawahara/.rbenv/versions/3.4.5/lib -lruby /home/y-kawahara/fjord-books_app-2023/vendor/bundle/ruby/3.4.0/gems/nokogiri-1.15.3/ports/x86_64-linux/libxslt/1.1.38/lib/libexslt.a -lm -lz /home/y-kawahara/fjord-books_app-2023/vendor/bundle/ruby/3.4.0/gems/nokogiri-1.15.3/ports/x86_64-linux/libxml2/2.11.4/lib/libxml2.a /home/y-kawahara/fjord-books_app-2023/vendor/bundle/ruby/3.4.0/gems/nokogiri-1.15.3/ports/x86_64-linux/libxslt/1.1.38/lib/libxslt.a -lm -lz /home/y-kawahara/fjord-books_app-2023/vendor/bundle/ruby/3.4.0/gems/nokogiri-1.15.3/ports/x86_64-linux/libxml2/2.11.4/lib/libxml2.a /home/y-kawahara/fjord-books_app-2023/vendor/bundle/ruby/3.4.0/gems/nokogiri-1.15.3/ext/nokogiri/ports/x86_64-linux/libgumbo/1.0.0-nokogiri/lib/libgumbo.a -lm -lpthread  -lc"
conftest.c: In function ‘t’:
conftest.c:14:57: error: ‘xmlRelaxNGSetParserStructuredErrors’ undeclared (first use in this function)
   14 | int t(void) { void ((*volatile p)()); p = (void ((*)()))xmlRelaxNGSetParserStructuredErrors; return !p; }
      |                                                         ^~~~~~~~~~~~~~~~~~~~~~~~~~~~~~~~~~~
conftest.c:14:57: note: each undeclared identifier is reported only once for each function it appears in
At top level:
cc1: note: unrecognized command-line option ‘-Wno-self-assign’ may have been intended to silence earlier diagnostics
cc1: note: unrecognized command-line option ‘-Wno-parentheses-equality’ may have been intended to silence earlier diagnostics
cc1: note: unrecognized command-line option ‘-Wno-constant-logical-operand’ may have been intended to silence earlier diagnostics
checked program was:
/* begin */
 1: #include "ruby.h"
 2: 
 3: /*top*/
 4: extern int t(void);
 5: int main(int argc, char **argv)
 6: {
 7:   if (argc > 1000000) {
 8:     int (* volatile tp)(void)=(int (*)(void))&t;
 9:     printf("%d", (*tp)());
10:   }
11: 
12:   return !!argv[argc];
13: }
14: int t(void) { void ((*volatile p)()); p = (void ((*)()))xmlRelaxNGSetParserStructuredErrors; return !p; }
/* end */

LD_LIBRARY_PATH=.:/home/y-kawahara/.rbenv/versions/3.4.5/lib:/home/linuxbrew/.linuxbrew/opt/openssl@3/lib:/home/linuxbrew/.linuxbrew/opt/openssl@3/lib: ASAN_OPTIONS=detect_leaks=0 "gcc -o conftest -I/home/y-kawahara/.rbenv/versions/3.4.5/include/ruby-3.4.0/x86_64-linux -I/home/y-kawahara/.rbenv/versions/3.4.5/include/ruby-3.4.0/ruby/backward -I/home/y-kawahara/.rbenv/versions/3.4.5/include/ruby-3.4.0 -I. -I/home/y-kawahara/fjord-books_app-2023/vendor/bundle/ruby/3.4.0/gems/nokogiri-1.15.3/ports/x86_64-linux/libxml2/2.11.4/include/libxml2 -I/home/y-kawahara/fjord-books_app-2023/vendor/bundle/ruby/3.4.0/gems/nokogiri-1.15.3/ports/x86_64-linux/libxslt/1.1.38/include -I/home/y-kawahara/fjord-books_app-2023/vendor/bundle/ruby/3.4.0/gems/nokogiri-1.15.3/ports/x86_64-linux/libxml2/2.11.4/include/libxml2    -I/home/linuxbrew/.linuxbrew/opt/openssl@3/include -DNOKOGIRI_PACKAGED_LIBRARIES -DNOKOGIRI_LIBXML2_PATCHES="\"0001-Remove-script-macro-support.patch 0002-Update-entities-to-remove-handling-of-ssi.patch 0003-libxml2.la-is-in-top_builddir.patch 0009-allow-wildcard-namespaces.patch 0010-update-config.guess-and-config.sub-for-libxml2.patch 0011-rip-out-libxml2-s-libc_single_threaded-support.patch\"" -DNOKOGIRI_LIBXSLT_PATCHES="\"0001-update-config.guess-and-config.sub-for-libxslt.patch\"" -I/home/y-kawahara/fjord-books_app-2023/vendor/bundle/ruby/3.4.0/gems/nokogiri-1.15.3/ext/nokogiri/ports/x86_64-linux/libgumbo/1.0.0-nokogiri/include -fstack-protector-strong -U_FORTIFY_SOURCE -D_FORTIFY_SOURCE=2  -O3 -fno-fast-math -ggdb3 -Wall -Wextra -Wdeprecated-declarations -Wdiv-by-zero -Wduplicated-cond -Wimplicit-function-declaration -Wimplicit-int -Wpointer-arith -Wwrite-strings -Wold-style-definition -Wimplicit-fallthrough=0 -Wmissing-noreturn -Wno-cast-function-type -Wno-constant-logical-operand -Wno-long-long -Wno-missing-field-initializers -Wno-overlength-strings -Wno-packed-bitfield-compat -Wno-parentheses-equality -Wno-self-assign -Wno-tautological-compare -Wno-unused-parameter -Wno-unused-value -Wsuggest-attribute=format -Wsuggest-attribute=noreturn -Wunused-variable -Wmisleading-indentation -Wundef  -fPIC -std=c99 -Wno-declaration-after-statement -O2 -g -Winline -Wmissing-noreturn -Wconversion -Wno-sign-conversion conftest.c -L. -L/home/y-kawahara/.rbenv/versions/3.4.5/lib -Wl,-rpath,/home/y-kawahara/.rbenv/versions/3.4.5/lib -L/home/y-kawahara/fjord-books_app-2023/vendor/bundle/ruby/3.4.0/gems/nokogiri-1.15.3/ports/x86_64-linux/libxml2/2.11.4/lib -Wl,-rpath,/home/y-kawahara/fjord-books_app-2023/vendor/bundle/ruby/3.4.0/gems/nokogiri-1.15.3/ports/x86_64-linux/libxml2/2.11.4/lib -L/home/y-kawahara/fjord-books_app-2023/vendor/bundle/ruby/3.4.0/gems/nokogiri-1.15.3/ports/x86_64-linux/libxslt/1.1.38/lib -Wl,-rpath,/home/y-kawahara/fjord-books_app-2023/vendor/bundle/ruby/3.4.0/gems/nokogiri-1.15.3/ports/x86_64-linux/libxslt/1.1.38/lib -L/home/linuxbrew/.linuxbrew/opt/zlib/lib -Wl,-rpath,/home/linuxbrew/.linuxbrew/opt/zlib/lib -L/home/y-kawahara/fjord-books_app-2023/vendor/bundle/ruby/3.4.0/gems/nokogiri-1.15.3/ext/nokogiri/ports/x86_64-linux/libgumbo/1.0.0-nokogiri/lib -Wl,-rpath,/home/y-kawahara/fjord-books_app-2023/vendor/bundle/ruby/3.4.0/gems/nokogiri-1.15.3/ext/nokogiri/ports/x86_64-linux/libgumbo/1.0.0-nokogiri/lib -L. -fstack-protector-strong -rdynamic -Wl,-export-dynamic -Wl,--no-as-needed -L/home/linuxbrew/.linuxbrew/opt/openssl@3/lib    /home/y-kawahara/fjord-books_app-2023/vendor/bundle/ruby/3.4.0/gems/nokogiri-1.15.3/ports/x86_64-linux/libxslt/1.1.38/lib/libexslt.a -lm -lz /home/y-kawahara/fjord-books_app-2023/vendor/bundle/ruby/3.4.0/gems/nokogiri-1.15.3/ports/x86_64-linux/libxml2/2.11.4/lib/libxml2.a /home/y-kawahara/fjord-books_app-2023/vendor/bundle/ruby/3.4.0/gems/nokogiri-1.15.3/ports/x86_64-linux/libxslt/1.1.38/lib/libxslt.a -lm -lz /home/y-kawahara/fjord-books_app-2023/vendor/bundle/ruby/3.4.0/gems/nokogiri-1.15.3/ports/x86_64-linux/libxml2/2.11.4/lib/libxml2.a /home/y-kawahara/fjord-books_app-2023/vendor/bundle/ruby/3.4.0/gems/nokogiri-1.15.3/ext/nokogiri/ports/x86_64-linux/libgumbo/1.0.0-nokogiri/lib/libgumbo.a -Wl,-rpath,/home/y-kawahara/.rbenv/versions/3.4.5/lib -L/home/y-kawahara/.rbenv/versions/3.4.5/lib -lruby /home/y-kawahara/fjord-books_app-2023/vendor/bundle/ruby/3.4.0/gems/nokogiri-1.15.3/ports/x86_64-linux/libxslt/1.1.38/lib/libexslt.a -lm -lz /home/y-kawahara/fjord-books_app-2023/vendor/bundle/ruby/3.4.0/gems/nokogiri-1.15.3/ports/x86_64-linux/libxml2/2.11.4/lib/libxml2.a /home/y-kawahara/fjord-books_app-2023/vendor/bundle/ruby/3.4.0/gems/nokogiri-1.15.3/ports/x86_64-linux/libxslt/1.1.38/lib/libxslt.a -lm -lz /home/y-kawahara/fjord-books_app-2023/vendor/bundle/ruby/3.4.0/gems/nokogiri-1.15.3/ports/x86_64-linux/libxml2/2.11.4/lib/libxml2.a /home/y-kawahara/fjord-books_app-2023/vendor/bundle/ruby/3.4.0/gems/nokogiri-1.15.3/ext/nokogiri/ports/x86_64-linux/libgumbo/1.0.0-nokogiri/lib/libgumbo.a -lm -lpthread  -lc"
checked program was:
/* begin */
 1: #include "ruby.h"
 2: 
 3: /*top*/
 4: extern int t(void);
 5: int main(int argc, char **argv)
 6: {
 7:   if (argc > 1000000) {
 8:     int (* volatile tp)(void)=(int (*)(void))&t;
 9:     printf("%d", (*tp)());
10:   }
11: 
12:   return !!argv[argc];
13: }
14: extern void xmlRelaxNGSetParserStructuredErrors();
15: int t(void) { xmlRelaxNGSetParserStructuredErrors(); return 0; }
/* end */

--------------------

have_func: checking for xmlRelaxNGSetValidStructuredErrors()... -------------------- yes

LD_LIBRARY_PATH=.:/home/y-kawahara/.rbenv/versions/3.4.5/lib:/home/linuxbrew/.linuxbrew/opt/openssl@3/lib:/home/linuxbrew/.linuxbrew/opt/openssl@3/lib: ASAN_OPTIONS=detect_leaks=0 "gcc -o conftest -I/home/y-kawahara/.rbenv/versions/3.4.5/include/ruby-3.4.0/x86_64-linux -I/home/y-kawahara/.rbenv/versions/3.4.5/include/ruby-3.4.0/ruby/backward -I/home/y-kawahara/.rbenv/versions/3.4.5/include/ruby-3.4.0 -I. -I/home/y-kawahara/fjord-books_app-2023/vendor/bundle/ruby/3.4.0/gems/nokogiri-1.15.3/ports/x86_64-linux/libxml2/2.11.4/include/libxml2 -I/home/y-kawahara/fjord-books_app-2023/vendor/bundle/ruby/3.4.0/gems/nokogiri-1.15.3/ports/x86_64-linux/libxslt/1.1.38/include -I/home/y-kawahara/fjord-books_app-2023/vendor/bundle/ruby/3.4.0/gems/nokogiri-1.15.3/ports/x86_64-linux/libxml2/2.11.4/include/libxml2    -I/home/linuxbrew/.linuxbrew/opt/openssl@3/include -DNOKOGIRI_PACKAGED_LIBRARIES -DNOKOGIRI_LIBXML2_PATCHES="\"0001-Remove-script-macro-support.patch 0002-Update-entities-to-remove-handling-of-ssi.patch 0003-libxml2.la-is-in-top_builddir.patch 0009-allow-wildcard-namespaces.patch 0010-update-config.guess-and-config.sub-for-libxml2.patch 0011-rip-out-libxml2-s-libc_single_threaded-support.patch\"" -DNOKOGIRI_LIBXSLT_PATCHES="\"0001-update-config.guess-and-config.sub-for-libxslt.patch\"" -I/home/y-kawahara/fjord-books_app-2023/vendor/bundle/ruby/3.4.0/gems/nokogiri-1.15.3/ext/nokogiri/ports/x86_64-linux/libgumbo/1.0.0-nokogiri/include -fstack-protector-strong -U_FORTIFY_SOURCE -D_FORTIFY_SOURCE=2  -O3 -fno-fast-math -ggdb3 -Wall -Wextra -Wdeprecated-declarations -Wdiv-by-zero -Wduplicated-cond -Wimplicit-function-declaration -Wimplicit-int -Wpointer-arith -Wwrite-strings -Wold-style-definition -Wimplicit-fallthrough=0 -Wmissing-noreturn -Wno-cast-function-type -Wno-constant-logical-operand -Wno-long-long -Wno-missing-field-initializers -Wno-overlength-strings -Wno-packed-bitfield-compat -Wno-parentheses-equality -Wno-self-assign -Wno-tautological-compare -Wno-unused-parameter -Wno-unused-value -Wsuggest-attribute=format -Wsuggest-attribute=noreturn -Wunused-variable -Wmisleading-indentation -Wundef  -fPIC -std=c99 -Wno-declaration-after-statement -O2 -g -Winline -Wmissing-noreturn -Wconversion -Wno-sign-conversion conftest.c -L. -L/home/y-kawahara/.rbenv/versions/3.4.5/lib -Wl,-rpath,/home/y-kawahara/.rbenv/versions/3.4.5/lib -L/home/y-kawahara/fjord-books_app-2023/vendor/bundle/ruby/3.4.0/gems/nokogiri-1.15.3/ports/x86_64-linux/libxml2/2.11.4/lib -Wl,-rpath,/home/y-kawahara/fjord-books_app-2023/vendor/bundle/ruby/3.4.0/gems/nokogiri-1.15.3/ports/x86_64-linux/libxml2/2.11.4/lib -L/home/y-kawahara/fjord-books_app-2023/vendor/bundle/ruby/3.4.0/gems/nokogiri-1.15.3/ports/x86_64-linux/libxslt/1.1.38/lib -Wl,-rpath,/home/y-kawahara/fjord-books_app-2023/vendor/bundle/ruby/3.4.0/gems/nokogiri-1.15.3/ports/x86_64-linux/libxslt/1.1.38/lib -L/home/linuxbrew/.linuxbrew/opt/zlib/lib -Wl,-rpath,/home/linuxbrew/.linuxbrew/opt/zlib/lib -L/home/y-kawahara/fjord-books_app-2023/vendor/bundle/ruby/3.4.0/gems/nokogiri-1.15.3/ext/nokogiri/ports/x86_64-linux/libgumbo/1.0.0-nokogiri/lib -Wl,-rpath,/home/y-kawahara/fjord-books_app-2023/vendor/bundle/ruby/3.4.0/gems/nokogiri-1.15.3/ext/nokogiri/ports/x86_64-linux/libgumbo/1.0.0-nokogiri/lib -L. -fstack-protector-strong -rdynamic -Wl,-export-dynamic -Wl,--no-as-needed -L/home/linuxbrew/.linuxbrew/opt/openssl@3/lib    /home/y-kawahara/fjord-books_app-2023/vendor/bundle/ruby/3.4.0/gems/nokogiri-1.15.3/ports/x86_64-linux/libxslt/1.1.38/lib/libexslt.a -lm -lz /home/y-kawahara/fjord-books_app-2023/vendor/bundle/ruby/3.4.0/gems/nokogiri-1.15.3/ports/x86_64-linux/libxml2/2.11.4/lib/libxml2.a /home/y-kawahara/fjord-books_app-2023/vendor/bundle/ruby/3.4.0/gems/nokogiri-1.15.3/ports/x86_64-linux/libxslt/1.1.38/lib/libxslt.a -lm -lz /home/y-kawahara/fjord-books_app-2023/vendor/bundle/ruby/3.4.0/gems/nokogiri-1.15.3/ports/x86_64-linux/libxml2/2.11.4/lib/libxml2.a /home/y-kawahara/fjord-books_app-2023/vendor/bundle/ruby/3.4.0/gems/nokogiri-1.15.3/ext/nokogiri/ports/x86_64-linux/libgumbo/1.0.0-nokogiri/lib/libgumbo.a -Wl,-rpath,/home/y-kawahara/.rbenv/versions/3.4.5/lib -L/home/y-kawahara/.rbenv/versions/3.4.5/lib -lruby /home/y-kawahara/fjord-books_app-2023/vendor/bundle/ruby/3.4.0/gems/nokogiri-1.15.3/ports/x86_64-linux/libxslt/1.1.38/lib/libexslt.a -lm -lz /home/y-kawahara/fjord-books_app-2023/vendor/bundle/ruby/3.4.0/gems/nokogiri-1.15.3/ports/x86_64-linux/libxml2/2.11.4/lib/libxml2.a /home/y-kawahara/fjord-books_app-2023/vendor/bundle/ruby/3.4.0/gems/nokogiri-1.15.3/ports/x86_64-linux/libxslt/1.1.38/lib/libxslt.a -lm -lz /home/y-kawahara/fjord-books_app-2023/vendor/bundle/ruby/3.4.0/gems/nokogiri-1.15.3/ports/x86_64-linux/libxml2/2.11.4/lib/libxml2.a /home/y-kawahara/fjord-books_app-2023/vendor/bundle/ruby/3.4.0/gems/nokogiri-1.15.3/ext/nokogiri/ports/x86_64-linux/libgumbo/1.0.0-nokogiri/lib/libgumbo.a -lm -lpthread  -lc"
conftest.c: In function ‘t’:
conftest.c:14:57: error: ‘xmlRelaxNGSetValidStructuredErrors’ undeclared (first use in this function)
   14 | int t(void) { void ((*volatile p)()); p = (void ((*)()))xmlRelaxNGSetValidStructuredErrors; return !p; }
      |                                                         ^~~~~~~~~~~~~~~~~~~~~~~~~~~~~~~~~~
conftest.c:14:57: note: each undeclared identifier is reported only once for each function it appears in
At top level:
cc1: note: unrecognized command-line option ‘-Wno-self-assign’ may have been intended to silence earlier diagnostics
cc1: note: unrecognized command-line option ‘-Wno-parentheses-equality’ may have been intended to silence earlier diagnostics
cc1: note: unrecognized command-line option ‘-Wno-constant-logical-operand’ may have been intended to silence earlier diagnostics
checked program was:
/* begin */
 1: #include "ruby.h"
 2: 
 3: /*top*/
 4: extern int t(void);
 5: int main(int argc, char **argv)
 6: {
 7:   if (argc > 1000000) {
 8:     int (* volatile tp)(void)=(int (*)(void))&t;
 9:     printf("%d", (*tp)());
10:   }
11: 
12:   return !!argv[argc];
13: }
14: int t(void) { void ((*volatile p)()); p = (void ((*)()))xmlRelaxNGSetValidStructuredErrors; return !p; }
/* end */

LD_LIBRARY_PATH=.:/home/y-kawahara/.rbenv/versions/3.4.5/lib:/home/linuxbrew/.linuxbrew/opt/openssl@3/lib:/home/linuxbrew/.linuxbrew/opt/openssl@3/lib: ASAN_OPTIONS=detect_leaks=0 "gcc -o conftest -I/home/y-kawahara/.rbenv/versions/3.4.5/include/ruby-3.4.0/x86_64-linux -I/home/y-kawahara/.rbenv/versions/3.4.5/include/ruby-3.4.0/ruby/backward -I/home/y-kawahara/.rbenv/versions/3.4.5/include/ruby-3.4.0 -I. -I/home/y-kawahara/fjord-books_app-2023/vendor/bundle/ruby/3.4.0/gems/nokogiri-1.15.3/ports/x86_64-linux/libxml2/2.11.4/include/libxml2 -I/home/y-kawahara/fjord-books_app-2023/vendor/bundle/ruby/3.4.0/gems/nokogiri-1.15.3/ports/x86_64-linux/libxslt/1.1.38/include -I/home/y-kawahara/fjord-books_app-2023/vendor/bundle/ruby/3.4.0/gems/nokogiri-1.15.3/ports/x86_64-linux/libxml2/2.11.4/include/libxml2    -I/home/linuxbrew/.linuxbrew/opt/openssl@3/include -DNOKOGIRI_PACKAGED_LIBRARIES -DNOKOGIRI_LIBXML2_PATCHES="\"0001-Remove-script-macro-support.patch 0002-Update-entities-to-remove-handling-of-ssi.patch 0003-libxml2.la-is-in-top_builddir.patch 0009-allow-wildcard-namespaces.patch 0010-update-config.guess-and-config.sub-for-libxml2.patch 0011-rip-out-libxml2-s-libc_single_threaded-support.patch\"" -DNOKOGIRI_LIBXSLT_PATCHES="\"0001-update-config.guess-and-config.sub-for-libxslt.patch\"" -I/home/y-kawahara/fjord-books_app-2023/vendor/bundle/ruby/3.4.0/gems/nokogiri-1.15.3/ext/nokogiri/ports/x86_64-linux/libgumbo/1.0.0-nokogiri/include -fstack-protector-strong -U_FORTIFY_SOURCE -D_FORTIFY_SOURCE=2  -O3 -fno-fast-math -ggdb3 -Wall -Wextra -Wdeprecated-declarations -Wdiv-by-zero -Wduplicated-cond -Wimplicit-function-declaration -Wimplicit-int -Wpointer-arith -Wwrite-strings -Wold-style-definition -Wimplicit-fallthrough=0 -Wmissing-noreturn -Wno-cast-function-type -Wno-constant-logical-operand -Wno-long-long -Wno-missing-field-initializers -Wno-overlength-strings -Wno-packed-bitfield-compat -Wno-parentheses-equality -Wno-self-assign -Wno-tautological-compare -Wno-unused-parameter -Wno-unused-value -Wsuggest-attribute=format -Wsuggest-attribute=noreturn -Wunused-variable -Wmisleading-indentation -Wundef  -fPIC -std=c99 -Wno-declaration-after-statement -O2 -g -Winline -Wmissing-noreturn -Wconversion -Wno-sign-conversion conftest.c -L. -L/home/y-kawahara/.rbenv/versions/3.4.5/lib -Wl,-rpath,/home/y-kawahara/.rbenv/versions/3.4.5/lib -L/home/y-kawahara/fjord-books_app-2023/vendor/bundle/ruby/3.4.0/gems/nokogiri-1.15.3/ports/x86_64-linux/libxml2/2.11.4/lib -Wl,-rpath,/home/y-kawahara/fjord-books_app-2023/vendor/bundle/ruby/3.4.0/gems/nokogiri-1.15.3/ports/x86_64-linux/libxml2/2.11.4/lib -L/home/y-kawahara/fjord-books_app-2023/vendor/bundle/ruby/3.4.0/gems/nokogiri-1.15.3/ports/x86_64-linux/libxslt/1.1.38/lib -Wl,-rpath,/home/y-kawahara/fjord-books_app-2023/vendor/bundle/ruby/3.4.0/gems/nokogiri-1.15.3/ports/x86_64-linux/libxslt/1.1.38/lib -L/home/linuxbrew/.linuxbrew/opt/zlib/lib -Wl,-rpath,/home/linuxbrew/.linuxbrew/opt/zlib/lib -L/home/y-kawahara/fjord-books_app-2023/vendor/bundle/ruby/3.4.0/gems/nokogiri-1.15.3/ext/nokogiri/ports/x86_64-linux/libgumbo/1.0.0-nokogiri/lib -Wl,-rpath,/home/y-kawahara/fjord-books_app-2023/vendor/bundle/ruby/3.4.0/gems/nokogiri-1.15.3/ext/nokogiri/ports/x86_64-linux/libgumbo/1.0.0-nokogiri/lib -L. -fstack-protector-strong -rdynamic -Wl,-export-dynamic -Wl,--no-as-needed -L/home/linuxbrew/.linuxbrew/opt/openssl@3/lib    /home/y-kawahara/fjord-books_app-2023/vendor/bundle/ruby/3.4.0/gems/nokogiri-1.15.3/ports/x86_64-linux/libxslt/1.1.38/lib/libexslt.a -lm -lz /home/y-kawahara/fjord-books_app-2023/vendor/bundle/ruby/3.4.0/gems/nokogiri-1.15.3/ports/x86_64-linux/libxml2/2.11.4/lib/libxml2.a /home/y-kawahara/fjord-books_app-2023/vendor/bundle/ruby/3.4.0/gems/nokogiri-1.15.3/ports/x86_64-linux/libxslt/1.1.38/lib/libxslt.a -lm -lz /home/y-kawahara/fjord-books_app-2023/vendor/bundle/ruby/3.4.0/gems/nokogiri-1.15.3/ports/x86_64-linux/libxml2/2.11.4/lib/libxml2.a /home/y-kawahara/fjord-books_app-2023/vendor/bundle/ruby/3.4.0/gems/nokogiri-1.15.3/ext/nokogiri/ports/x86_64-linux/libgumbo/1.0.0-nokogiri/lib/libgumbo.a -Wl,-rpath,/home/y-kawahara/.rbenv/versions/3.4.5/lib -L/home/y-kawahara/.rbenv/versions/3.4.5/lib -lruby /home/y-kawahara/fjord-books_app-2023/vendor/bundle/ruby/3.4.0/gems/nokogiri-1.15.3/ports/x86_64-linux/libxslt/1.1.38/lib/libexslt.a -lm -lz /home/y-kawahara/fjord-books_app-2023/vendor/bundle/ruby/3.4.0/gems/nokogiri-1.15.3/ports/x86_64-linux/libxml2/2.11.4/lib/libxml2.a /home/y-kawahara/fjord-books_app-2023/vendor/bundle/ruby/3.4.0/gems/nokogiri-1.15.3/ports/x86_64-linux/libxslt/1.1.38/lib/libxslt.a -lm -lz /home/y-kawahara/fjord-books_app-2023/vendor/bundle/ruby/3.4.0/gems/nokogiri-1.15.3/ports/x86_64-linux/libxml2/2.11.4/lib/libxml2.a /home/y-kawahara/fjord-books_app-2023/vendor/bundle/ruby/3.4.0/gems/nokogiri-1.15.3/ext/nokogiri/ports/x86_64-linux/libgumbo/1.0.0-nokogiri/lib/libgumbo.a -lm -lpthread  -lc"
checked program was:
/* begin */
 1: #include "ruby.h"
 2: 
 3: /*top*/
 4: extern int t(void);
 5: int main(int argc, char **argv)
 6: {
 7:   if (argc > 1000000) {
 8:     int (* volatile tp)(void)=(int (*)(void))&t;
 9:     printf("%d", (*tp)());
10:   }
11: 
12:   return !!argv[argc];
13: }
14: extern void xmlRelaxNGSetValidStructuredErrors();
15: int t(void) { xmlRelaxNGSetValidStructuredErrors(); return 0; }
/* end */

--------------------

have_func: checking for xmlSchemaSetValidStructuredErrors()... -------------------- yes

LD_LIBRARY_PATH=.:/home/y-kawahara/.rbenv/versions/3.4.5/lib:/home/linuxbrew/.linuxbrew/opt/openssl@3/lib:/home/linuxbrew/.linuxbrew/opt/openssl@3/lib: ASAN_OPTIONS=detect_leaks=0 "gcc -o conftest -I/home/y-kawahara/.rbenv/versions/3.4.5/include/ruby-3.4.0/x86_64-linux -I/home/y-kawahara/.rbenv/versions/3.4.5/include/ruby-3.4.0/ruby/backward -I/home/y-kawahara/.rbenv/versions/3.4.5/include/ruby-3.4.0 -I. -I/home/y-kawahara/fjord-books_app-2023/vendor/bundle/ruby/3.4.0/gems/nokogiri-1.15.3/ports/x86_64-linux/libxml2/2.11.4/include/libxml2 -I/home/y-kawahara/fjord-books_app-2023/vendor/bundle/ruby/3.4.0/gems/nokogiri-1.15.3/ports/x86_64-linux/libxslt/1.1.38/include -I/home/y-kawahara/fjord-books_app-2023/vendor/bundle/ruby/3.4.0/gems/nokogiri-1.15.3/ports/x86_64-linux/libxml2/2.11.4/include/libxml2    -I/home/linuxbrew/.linuxbrew/opt/openssl@3/include -DNOKOGIRI_PACKAGED_LIBRARIES -DNOKOGIRI_LIBXML2_PATCHES="\"0001-Remove-script-macro-support.patch 0002-Update-entities-to-remove-handling-of-ssi.patch 0003-libxml2.la-is-in-top_builddir.patch 0009-allow-wildcard-namespaces.patch 0010-update-config.guess-and-config.sub-for-libxml2.patch 0011-rip-out-libxml2-s-libc_single_threaded-support.patch\"" -DNOKOGIRI_LIBXSLT_PATCHES="\"0001-update-config.guess-and-config.sub-for-libxslt.patch\"" -I/home/y-kawahara/fjord-books_app-2023/vendor/bundle/ruby/3.4.0/gems/nokogiri-1.15.3/ext/nokogiri/ports/x86_64-linux/libgumbo/1.0.0-nokogiri/include -fstack-protector-strong -U_FORTIFY_SOURCE -D_FORTIFY_SOURCE=2  -O3 -fno-fast-math -ggdb3 -Wall -Wextra -Wdeprecated-declarations -Wdiv-by-zero -Wduplicated-cond -Wimplicit-function-declaration -Wimplicit-int -Wpointer-arith -Wwrite-strings -Wold-style-definition -Wimplicit-fallthrough=0 -Wmissing-noreturn -Wno-cast-function-type -Wno-constant-logical-operand -Wno-long-long -Wno-missing-field-initializers -Wno-overlength-strings -Wno-packed-bitfield-compat -Wno-parentheses-equality -Wno-self-assign -Wno-tautological-compare -Wno-unused-parameter -Wno-unused-value -Wsuggest-attribute=format -Wsuggest-attribute=noreturn -Wunused-variable -Wmisleading-indentation -Wundef  -fPIC -std=c99 -Wno-declaration-after-statement -O2 -g -Winline -Wmissing-noreturn -Wconversion -Wno-sign-conversion conftest.c -L. -L/home/y-kawahara/.rbenv/versions/3.4.5/lib -Wl,-rpath,/home/y-kawahara/.rbenv/versions/3.4.5/lib -L/home/y-kawahara/fjord-books_app-2023/vendor/bundle/ruby/3.4.0/gems/nokogiri-1.15.3/ports/x86_64-linux/libxml2/2.11.4/lib -Wl,-rpath,/home/y-kawahara/fjord-books_app-2023/vendor/bundle/ruby/3.4.0/gems/nokogiri-1.15.3/ports/x86_64-linux/libxml2/2.11.4/lib -L/home/y-kawahara/fjord-books_app-2023/vendor/bundle/ruby/3.4.0/gems/nokogiri-1.15.3/ports/x86_64-linux/libxslt/1.1.38/lib -Wl,-rpath,/home/y-kawahara/fjord-books_app-2023/vendor/bundle/ruby/3.4.0/gems/nokogiri-1.15.3/ports/x86_64-linux/libxslt/1.1.38/lib -L/home/linuxbrew/.linuxbrew/opt/zlib/lib -Wl,-rpath,/home/linuxbrew/.linuxbrew/opt/zlib/lib -L/home/y-kawahara/fjord-books_app-2023/vendor/bundle/ruby/3.4.0/gems/nokogiri-1.15.3/ext/nokogiri/ports/x86_64-linux/libgumbo/1.0.0-nokogiri/lib -Wl,-rpath,/home/y-kawahara/fjord-books_app-2023/vendor/bundle/ruby/3.4.0/gems/nokogiri-1.15.3/ext/nokogiri/ports/x86_64-linux/libgumbo/1.0.0-nokogiri/lib -L. -fstack-protector-strong -rdynamic -Wl,-export-dynamic -Wl,--no-as-needed -L/home/linuxbrew/.linuxbrew/opt/openssl@3/lib    /home/y-kawahara/fjord-books_app-2023/vendor/bundle/ruby/3.4.0/gems/nokogiri-1.15.3/ports/x86_64-linux/libxslt/1.1.38/lib/libexslt.a -lm -lz /home/y-kawahara/fjord-books_app-2023/vendor/bundle/ruby/3.4.0/gems/nokogiri-1.15.3/ports/x86_64-linux/libxml2/2.11.4/lib/libxml2.a /home/y-kawahara/fjord-books_app-2023/vendor/bundle/ruby/3.4.0/gems/nokogiri-1.15.3/ports/x86_64-linux/libxslt/1.1.38/lib/libxslt.a -lm -lz /home/y-kawahara/fjord-books_app-2023/vendor/bundle/ruby/3.4.0/gems/nokogiri-1.15.3/ports/x86_64-linux/libxml2/2.11.4/lib/libxml2.a /home/y-kawahara/fjord-books_app-2023/vendor/bundle/ruby/3.4.0/gems/nokogiri-1.15.3/ext/nokogiri/ports/x86_64-linux/libgumbo/1.0.0-nokogiri/lib/libgumbo.a -Wl,-rpath,/home/y-kawahara/.rbenv/versions/3.4.5/lib -L/home/y-kawahara/.rbenv/versions/3.4.5/lib -lruby /home/y-kawahara/fjord-books_app-2023/vendor/bundle/ruby/3.4.0/gems/nokogiri-1.15.3/ports/x86_64-linux/libxslt/1.1.38/lib/libexslt.a -lm -lz /home/y-kawahara/fjord-books_app-2023/vendor/bundle/ruby/3.4.0/gems/nokogiri-1.15.3/ports/x86_64-linux/libxml2/2.11.4/lib/libxml2.a /home/y-kawahara/fjord-books_app-2023/vendor/bundle/ruby/3.4.0/gems/nokogiri-1.15.3/ports/x86_64-linux/libxslt/1.1.38/lib/libxslt.a -lm -lz /home/y-kawahara/fjord-books_app-2023/vendor/bundle/ruby/3.4.0/gems/nokogiri-1.15.3/ports/x86_64-linux/libxml2/2.11.4/lib/libxml2.a /home/y-kawahara/fjord-books_app-2023/vendor/bundle/ruby/3.4.0/gems/nokogiri-1.15.3/ext/nokogiri/ports/x86_64-linux/libgumbo/1.0.0-nokogiri/lib/libgumbo.a -lm -lpthread  -lc"
conftest.c: In function ‘t’:
conftest.c:14:57: error: ‘xmlSchemaSetValidStructuredErrors’ undeclared (first use in this function)
   14 | int t(void) { void ((*volatile p)()); p = (void ((*)()))xmlSchemaSetValidStructuredErrors; return !p; }
      |                                                         ^~~~~~~~~~~~~~~~~~~~~~~~~~~~~~~~~
conftest.c:14:57: note: each undeclared identifier is reported only once for each function it appears in
At top level:
cc1: note: unrecognized command-line option ‘-Wno-self-assign’ may have been intended to silence earlier diagnostics
cc1: note: unrecognized command-line option ‘-Wno-parentheses-equality’ may have been intended to silence earlier diagnostics
cc1: note: unrecognized command-line option ‘-Wno-constant-logical-operand’ may have been intended to silence earlier diagnostics
checked program was:
/* begin */
 1: #include "ruby.h"
 2: 
 3: /*top*/
 4: extern int t(void);
 5: int main(int argc, char **argv)
 6: {
 7:   if (argc > 1000000) {
 8:     int (* volatile tp)(void)=(int (*)(void))&t;
 9:     printf("%d", (*tp)());
10:   }
11: 
12:   return !!argv[argc];
13: }
14: int t(void) { void ((*volatile p)()); p = (void ((*)()))xmlSchemaSetValidStructuredErrors; return !p; }
/* end */

LD_LIBRARY_PATH=.:/home/y-kawahara/.rbenv/versions/3.4.5/lib:/home/linuxbrew/.linuxbrew/opt/openssl@3/lib:/home/linuxbrew/.linuxbrew/opt/openssl@3/lib: ASAN_OPTIONS=detect_leaks=0 "gcc -o conftest -I/home/y-kawahara/.rbenv/versions/3.4.5/include/ruby-3.4.0/x86_64-linux -I/home/y-kawahara/.rbenv/versions/3.4.5/include/ruby-3.4.0/ruby/backward -I/home/y-kawahara/.rbenv/versions/3.4.5/include/ruby-3.4.0 -I. -I/home/y-kawahara/fjord-books_app-2023/vendor/bundle/ruby/3.4.0/gems/nokogiri-1.15.3/ports/x86_64-linux/libxml2/2.11.4/include/libxml2 -I/home/y-kawahara/fjord-books_app-2023/vendor/bundle/ruby/3.4.0/gems/nokogiri-1.15.3/ports/x86_64-linux/libxslt/1.1.38/include -I/home/y-kawahara/fjord-books_app-2023/vendor/bundle/ruby/3.4.0/gems/nokogiri-1.15.3/ports/x86_64-linux/libxml2/2.11.4/include/libxml2    -I/home/linuxbrew/.linuxbrew/opt/openssl@3/include -DNOKOGIRI_PACKAGED_LIBRARIES -DNOKOGIRI_LIBXML2_PATCHES="\"0001-Remove-script-macro-support.patch 0002-Update-entities-to-remove-handling-of-ssi.patch 0003-libxml2.la-is-in-top_builddir.patch 0009-allow-wildcard-namespaces.patch 0010-update-config.guess-and-config.sub-for-libxml2.patch 0011-rip-out-libxml2-s-libc_single_threaded-support.patch\"" -DNOKOGIRI_LIBXSLT_PATCHES="\"0001-update-config.guess-and-config.sub-for-libxslt.patch\"" -I/home/y-kawahara/fjord-books_app-2023/vendor/bundle/ruby/3.4.0/gems/nokogiri-1.15.3/ext/nokogiri/ports/x86_64-linux/libgumbo/1.0.0-nokogiri/include -fstack-protector-strong -U_FORTIFY_SOURCE -D_FORTIFY_SOURCE=2  -O3 -fno-fast-math -ggdb3 -Wall -Wextra -Wdeprecated-declarations -Wdiv-by-zero -Wduplicated-cond -Wimplicit-function-declaration -Wimplicit-int -Wpointer-arith -Wwrite-strings -Wold-style-definition -Wimplicit-fallthrough=0 -Wmissing-noreturn -Wno-cast-function-type -Wno-constant-logical-operand -Wno-long-long -Wno-missing-field-initializers -Wno-overlength-strings -Wno-packed-bitfield-compat -Wno-parentheses-equality -Wno-self-assign -Wno-tautological-compare -Wno-unused-parameter -Wno-unused-value -Wsuggest-attribute=format -Wsuggest-attribute=noreturn -Wunused-variable -Wmisleading-indentation -Wundef  -fPIC -std=c99 -Wno-declaration-after-statement -O2 -g -Winline -Wmissing-noreturn -Wconversion -Wno-sign-conversion conftest.c -L. -L/home/y-kawahara/.rbenv/versions/3.4.5/lib -Wl,-rpath,/home/y-kawahara/.rbenv/versions/3.4.5/lib -L/home/y-kawahara/fjord-books_app-2023/vendor/bundle/ruby/3.4.0/gems/nokogiri-1.15.3/ports/x86_64-linux/libxml2/2.11.4/lib -Wl,-rpath,/home/y-kawahara/fjord-books_app-2023/vendor/bundle/ruby/3.4.0/gems/nokogiri-1.15.3/ports/x86_64-linux/libxml2/2.11.4/lib -L/home/y-kawahara/fjord-books_app-2023/vendor/bundle/ruby/3.4.0/gems/nokogiri-1.15.3/ports/x86_64-linux/libxslt/1.1.38/lib -Wl,-rpath,/home/y-kawahara/fjord-books_app-2023/vendor/bundle/ruby/3.4.0/gems/nokogiri-1.15.3/ports/x86_64-linux/libxslt/1.1.38/lib -L/home/linuxbrew/.linuxbrew/opt/zlib/lib -Wl,-rpath,/home/linuxbrew/.linuxbrew/opt/zlib/lib -L/home/y-kawahara/fjord-books_app-2023/vendor/bundle/ruby/3.4.0/gems/nokogiri-1.15.3/ext/nokogiri/ports/x86_64-linux/libgumbo/1.0.0-nokogiri/lib -Wl,-rpath,/home/y-kawahara/fjord-books_app-2023/vendor/bundle/ruby/3.4.0/gems/nokogiri-1.15.3/ext/nokogiri/ports/x86_64-linux/libgumbo/1.0.0-nokogiri/lib -L. -fstack-protector-strong -rdynamic -Wl,-export-dynamic -Wl,--no-as-needed -L/home/linuxbrew/.linuxbrew/opt/openssl@3/lib    /home/y-kawahara/fjord-books_app-2023/vendor/bundle/ruby/3.4.0/gems/nokogiri-1.15.3/ports/x86_64-linux/libxslt/1.1.38/lib/libexslt.a -lm -lz /home/y-kawahara/fjord-books_app-2023/vendor/bundle/ruby/3.4.0/gems/nokogiri-1.15.3/ports/x86_64-linux/libxml2/2.11.4/lib/libxml2.a /home/y-kawahara/fjord-books_app-2023/vendor/bundle/ruby/3.4.0/gems/nokogiri-1.15.3/ports/x86_64-linux/libxslt/1.1.38/lib/libxslt.a -lm -lz /home/y-kawahara/fjord-books_app-2023/vendor/bundle/ruby/3.4.0/gems/nokogiri-1.15.3/ports/x86_64-linux/libxml2/2.11.4/lib/libxml2.a /home/y-kawahara/fjord-books_app-2023/vendor/bundle/ruby/3.4.0/gems/nokogiri-1.15.3/ext/nokogiri/ports/x86_64-linux/libgumbo/1.0.0-nokogiri/lib/libgumbo.a -Wl,-rpath,/home/y-kawahara/.rbenv/versions/3.4.5/lib -L/home/y-kawahara/.rbenv/versions/3.4.5/lib -lruby /home/y-kawahara/fjord-books_app-2023/vendor/bundle/ruby/3.4.0/gems/nokogiri-1.15.3/ports/x86_64-linux/libxslt/1.1.38/lib/libexslt.a -lm -lz /home/y-kawahara/fjord-books_app-2023/vendor/bundle/ruby/3.4.0/gems/nokogiri-1.15.3/ports/x86_64-linux/libxml2/2.11.4/lib/libxml2.a /home/y-kawahara/fjord-books_app-2023/vendor/bundle/ruby/3.4.0/gems/nokogiri-1.15.3/ports/x86_64-linux/libxslt/1.1.38/lib/libxslt.a -lm -lz /home/y-kawahara/fjord-books_app-2023/vendor/bundle/ruby/3.4.0/gems/nokogiri-1.15.3/ports/x86_64-linux/libxml2/2.11.4/lib/libxml2.a /home/y-kawahara/fjord-books_app-2023/vendor/bundle/ruby/3.4.0/gems/nokogiri-1.15.3/ext/nokogiri/ports/x86_64-linux/libgumbo/1.0.0-nokogiri/lib/libgumbo.a -lm -lpthread  -lc"
checked program was:
/* begin */
 1: #include "ruby.h"
 2: 
 3: /*top*/
 4: extern int t(void);
 5: int main(int argc, char **argv)
 6: {
 7:   if (argc > 1000000) {
 8:     int (* volatile tp)(void)=(int (*)(void))&t;
 9:     printf("%d", (*tp)());
10:   }
11: 
12:   return !!argv[argc];
13: }
14: extern void xmlSchemaSetValidStructuredErrors();
15: int t(void) { xmlSchemaSetValidStructuredErrors(); return 0; }
/* end */

--------------------

have_func: checking for xmlSchemaSetParserStructuredErrors()... -------------------- yes

LD_LIBRARY_PATH=.:/home/y-kawahara/.rbenv/versions/3.4.5/lib:/home/linuxbrew/.linuxbrew/opt/openssl@3/lib:/home/linuxbrew/.linuxbrew/opt/openssl@3/lib: ASAN_OPTIONS=detect_leaks=0 "gcc -o conftest -I/home/y-kawahara/.rbenv/versions/3.4.5/include/ruby-3.4.0/x86_64-linux -I/home/y-kawahara/.rbenv/versions/3.4.5/include/ruby-3.4.0/ruby/backward -I/home/y-kawahara/.rbenv/versions/3.4.5/include/ruby-3.4.0 -I. -I/home/y-kawahara/fjord-books_app-2023/vendor/bundle/ruby/3.4.0/gems/nokogiri-1.15.3/ports/x86_64-linux/libxml2/2.11.4/include/libxml2 -I/home/y-kawahara/fjord-books_app-2023/vendor/bundle/ruby/3.4.0/gems/nokogiri-1.15.3/ports/x86_64-linux/libxslt/1.1.38/include -I/home/y-kawahara/fjord-books_app-2023/vendor/bundle/ruby/3.4.0/gems/nokogiri-1.15.3/ports/x86_64-linux/libxml2/2.11.4/include/libxml2    -I/home/linuxbrew/.linuxbrew/opt/openssl@3/include -DNOKOGIRI_PACKAGED_LIBRARIES -DNOKOGIRI_LIBXML2_PATCHES="\"0001-Remove-script-macro-support.patch 0002-Update-entities-to-remove-handling-of-ssi.patch 0003-libxml2.la-is-in-top_builddir.patch 0009-allow-wildcard-namespaces.patch 0010-update-config.guess-and-config.sub-for-libxml2.patch 0011-rip-out-libxml2-s-libc_single_threaded-support.patch\"" -DNOKOGIRI_LIBXSLT_PATCHES="\"0001-update-config.guess-and-config.sub-for-libxslt.patch\"" -I/home/y-kawahara/fjord-books_app-2023/vendor/bundle/ruby/3.4.0/gems/nokogiri-1.15.3/ext/nokogiri/ports/x86_64-linux/libgumbo/1.0.0-nokogiri/include -fstack-protector-strong -U_FORTIFY_SOURCE -D_FORTIFY_SOURCE=2  -O3 -fno-fast-math -ggdb3 -Wall -Wextra -Wdeprecated-declarations -Wdiv-by-zero -Wduplicated-cond -Wimplicit-function-declaration -Wimplicit-int -Wpointer-arith -Wwrite-strings -Wold-style-definition -Wimplicit-fallthrough=0 -Wmissing-noreturn -Wno-cast-function-type -Wno-constant-logical-operand -Wno-long-long -Wno-missing-field-initializers -Wno-overlength-strings -Wno-packed-bitfield-compat -Wno-parentheses-equality -Wno-self-assign -Wno-tautological-compare -Wno-unused-parameter -Wno-unused-value -Wsuggest-attribute=format -Wsuggest-attribute=noreturn -Wunused-variable -Wmisleading-indentation -Wundef  -fPIC -std=c99 -Wno-declaration-after-statement -O2 -g -Winline -Wmissing-noreturn -Wconversion -Wno-sign-conversion conftest.c -L. -L/home/y-kawahara/.rbenv/versions/3.4.5/lib -Wl,-rpath,/home/y-kawahara/.rbenv/versions/3.4.5/lib -L/home/y-kawahara/fjord-books_app-2023/vendor/bundle/ruby/3.4.0/gems/nokogiri-1.15.3/ports/x86_64-linux/libxml2/2.11.4/lib -Wl,-rpath,/home/y-kawahara/fjord-books_app-2023/vendor/bundle/ruby/3.4.0/gems/nokogiri-1.15.3/ports/x86_64-linux/libxml2/2.11.4/lib -L/home/y-kawahara/fjord-books_app-2023/vendor/bundle/ruby/3.4.0/gems/nokogiri-1.15.3/ports/x86_64-linux/libxslt/1.1.38/lib -Wl,-rpath,/home/y-kawahara/fjord-books_app-2023/vendor/bundle/ruby/3.4.0/gems/nokogiri-1.15.3/ports/x86_64-linux/libxslt/1.1.38/lib -L/home/linuxbrew/.linuxbrew/opt/zlib/lib -Wl,-rpath,/home/linuxbrew/.linuxbrew/opt/zlib/lib -L/home/y-kawahara/fjord-books_app-2023/vendor/bundle/ruby/3.4.0/gems/nokogiri-1.15.3/ext/nokogiri/ports/x86_64-linux/libgumbo/1.0.0-nokogiri/lib -Wl,-rpath,/home/y-kawahara/fjord-books_app-2023/vendor/bundle/ruby/3.4.0/gems/nokogiri-1.15.3/ext/nokogiri/ports/x86_64-linux/libgumbo/1.0.0-nokogiri/lib -L. -fstack-protector-strong -rdynamic -Wl,-export-dynamic -Wl,--no-as-needed -L/home/linuxbrew/.linuxbrew/opt/openssl@3/lib    /home/y-kawahara/fjord-books_app-2023/vendor/bundle/ruby/3.4.0/gems/nokogiri-1.15.3/ports/x86_64-linux/libxslt/1.1.38/lib/libexslt.a -lm -lz /home/y-kawahara/fjord-books_app-2023/vendor/bundle/ruby/3.4.0/gems/nokogiri-1.15.3/ports/x86_64-linux/libxml2/2.11.4/lib/libxml2.a /home/y-kawahara/fjord-books_app-2023/vendor/bundle/ruby/3.4.0/gems/nokogiri-1.15.3/ports/x86_64-linux/libxslt/1.1.38/lib/libxslt.a -lm -lz /home/y-kawahara/fjord-books_app-2023/vendor/bundle/ruby/3.4.0/gems/nokogiri-1.15.3/ports/x86_64-linux/libxml2/2.11.4/lib/libxml2.a /home/y-kawahara/fjord-books_app-2023/vendor/bundle/ruby/3.4.0/gems/nokogiri-1.15.3/ext/nokogiri/ports/x86_64-linux/libgumbo/1.0.0-nokogiri/lib/libgumbo.a -Wl,-rpath,/home/y-kawahara/.rbenv/versions/3.4.5/lib -L/home/y-kawahara/.rbenv/versions/3.4.5/lib -lruby /home/y-kawahara/fjord-books_app-2023/vendor/bundle/ruby/3.4.0/gems/nokogiri-1.15.3/ports/x86_64-linux/libxslt/1.1.38/lib/libexslt.a -lm -lz /home/y-kawahara/fjord-books_app-2023/vendor/bundle/ruby/3.4.0/gems/nokogiri-1.15.3/ports/x86_64-linux/libxml2/2.11.4/lib/libxml2.a /home/y-kawahara/fjord-books_app-2023/vendor/bundle/ruby/3.4.0/gems/nokogiri-1.15.3/ports/x86_64-linux/libxslt/1.1.38/lib/libxslt.a -lm -lz /home/y-kawahara/fjord-books_app-2023/vendor/bundle/ruby/3.4.0/gems/nokogiri-1.15.3/ports/x86_64-linux/libxml2/2.11.4/lib/libxml2.a /home/y-kawahara/fjord-books_app-2023/vendor/bundle/ruby/3.4.0/gems/nokogiri-1.15.3/ext/nokogiri/ports/x86_64-linux/libgumbo/1.0.0-nokogiri/lib/libgumbo.a -lm -lpthread  -lc"
conftest.c: In function ‘t’:
conftest.c:14:57: error: ‘xmlSchemaSetParserStructuredErrors’ undeclared (first use in this function)
   14 | int t(void) { void ((*volatile p)()); p = (void ((*)()))xmlSchemaSetParserStructuredErrors; return !p; }
      |                                                         ^~~~~~~~~~~~~~~~~~~~~~~~~~~~~~~~~~
conftest.c:14:57: note: each undeclared identifier is reported only once for each function it appears in
At top level:
cc1: note: unrecognized command-line option ‘-Wno-self-assign’ may have been intended to silence earlier diagnostics
cc1: note: unrecognized command-line option ‘-Wno-parentheses-equality’ may have been intended to silence earlier diagnostics
cc1: note: unrecognized command-line option ‘-Wno-constant-logical-operand’ may have been intended to silence earlier diagnostics
checked program was:
/* begin */
 1: #include "ruby.h"
 2: 
 3: /*top*/
 4: extern int t(void);
 5: int main(int argc, char **argv)
 6: {
 7:   if (argc > 1000000) {
 8:     int (* volatile tp)(void)=(int (*)(void))&t;
 9:     printf("%d", (*tp)());
10:   }
11: 
12:   return !!argv[argc];
13: }
14: int t(void) { void ((*volatile p)()); p = (void ((*)()))xmlSchemaSetParserStructuredErrors; return !p; }
/* end */

LD_LIBRARY_PATH=.:/home/y-kawahara/.rbenv/versions/3.4.5/lib:/home/linuxbrew/.linuxbrew/opt/openssl@3/lib:/home/linuxbrew/.linuxbrew/opt/openssl@3/lib: ASAN_OPTIONS=detect_leaks=0 "gcc -o conftest -I/home/y-kawahara/.rbenv/versions/3.4.5/include/ruby-3.4.0/x86_64-linux -I/home/y-kawahara/.rbenv/versions/3.4.5/include/ruby-3.4.0/ruby/backward -I/home/y-kawahara/.rbenv/versions/3.4.5/include/ruby-3.4.0 -I. -I/home/y-kawahara/fjord-books_app-2023/vendor/bundle/ruby/3.4.0/gems/nokogiri-1.15.3/ports/x86_64-linux/libxml2/2.11.4/include/libxml2 -I/home/y-kawahara/fjord-books_app-2023/vendor/bundle/ruby/3.4.0/gems/nokogiri-1.15.3/ports/x86_64-linux/libxslt/1.1.38/include -I/home/y-kawahara/fjord-books_app-2023/vendor/bundle/ruby/3.4.0/gems/nokogiri-1.15.3/ports/x86_64-linux/libxml2/2.11.4/include/libxml2    -I/home/linuxbrew/.linuxbrew/opt/openssl@3/include -DNOKOGIRI_PACKAGED_LIBRARIES -DNOKOGIRI_LIBXML2_PATCHES="\"0001-Remove-script-macro-support.patch 0002-Update-entities-to-remove-handling-of-ssi.patch 0003-libxml2.la-is-in-top_builddir.patch 0009-allow-wildcard-namespaces.patch 0010-update-config.guess-and-config.sub-for-libxml2.patch 0011-rip-out-libxml2-s-libc_single_threaded-support.patch\"" -DNOKOGIRI_LIBXSLT_PATCHES="\"0001-update-config.guess-and-config.sub-for-libxslt.patch\"" -I/home/y-kawahara/fjord-books_app-2023/vendor/bundle/ruby/3.4.0/gems/nokogiri-1.15.3/ext/nokogiri/ports/x86_64-linux/libgumbo/1.0.0-nokogiri/include -fstack-protector-strong -U_FORTIFY_SOURCE -D_FORTIFY_SOURCE=2  -O3 -fno-fast-math -ggdb3 -Wall -Wextra -Wdeprecated-declarations -Wdiv-by-zero -Wduplicated-cond -Wimplicit-function-declaration -Wimplicit-int -Wpointer-arith -Wwrite-strings -Wold-style-definition -Wimplicit-fallthrough=0 -Wmissing-noreturn -Wno-cast-function-type -Wno-constant-logical-operand -Wno-long-long -Wno-missing-field-initializers -Wno-overlength-strings -Wno-packed-bitfield-compat -Wno-parentheses-equality -Wno-self-assign -Wno-tautological-compare -Wno-unused-parameter -Wno-unused-value -Wsuggest-attribute=format -Wsuggest-attribute=noreturn -Wunused-variable -Wmisleading-indentation -Wundef  -fPIC -std=c99 -Wno-declaration-after-statement -O2 -g -Winline -Wmissing-noreturn -Wconversion -Wno-sign-conversion conftest.c -L. -L/home/y-kawahara/.rbenv/versions/3.4.5/lib -Wl,-rpath,/home/y-kawahara/.rbenv/versions/3.4.5/lib -L/home/y-kawahara/fjord-books_app-2023/vendor/bundle/ruby/3.4.0/gems/nokogiri-1.15.3/ports/x86_64-linux/libxml2/2.11.4/lib -Wl,-rpath,/home/y-kawahara/fjord-books_app-2023/vendor/bundle/ruby/3.4.0/gems/nokogiri-1.15.3/ports/x86_64-linux/libxml2/2.11.4/lib -L/home/y-kawahara/fjord-books_app-2023/vendor/bundle/ruby/3.4.0/gems/nokogiri-1.15.3/ports/x86_64-linux/libxslt/1.1.38/lib -Wl,-rpath,/home/y-kawahara/fjord-books_app-2023/vendor/bundle/ruby/3.4.0/gems/nokogiri-1.15.3/ports/x86_64-linux/libxslt/1.1.38/lib -L/home/linuxbrew/.linuxbrew/opt/zlib/lib -Wl,-rpath,/home/linuxbrew/.linuxbrew/opt/zlib/lib -L/home/y-kawahara/fjord-books_app-2023/vendor/bundle/ruby/3.4.0/gems/nokogiri-1.15.3/ext/nokogiri/ports/x86_64-linux/libgumbo/1.0.0-nokogiri/lib -Wl,-rpath,/home/y-kawahara/fjord-books_app-2023/vendor/bundle/ruby/3.4.0/gems/nokogiri-1.15.3/ext/nokogiri/ports/x86_64-linux/libgumbo/1.0.0-nokogiri/lib -L. -fstack-protector-strong -rdynamic -Wl,-export-dynamic -Wl,--no-as-needed -L/home/linuxbrew/.linuxbrew/opt/openssl@3/lib    /home/y-kawahara/fjord-books_app-2023/vendor/bundle/ruby/3.4.0/gems/nokogiri-1.15.3/ports/x86_64-linux/libxslt/1.1.38/lib/libexslt.a -lm -lz /home/y-kawahara/fjord-books_app-2023/vendor/bundle/ruby/3.4.0/gems/nokogiri-1.15.3/ports/x86_64-linux/libxml2/2.11.4/lib/libxml2.a /home/y-kawahara/fjord-books_app-2023/vendor/bundle/ruby/3.4.0/gems/nokogiri-1.15.3/ports/x86_64-linux/libxslt/1.1.38/lib/libxslt.a -lm -lz /home/y-kawahara/fjord-books_app-2023/vendor/bundle/ruby/3.4.0/gems/nokogiri-1.15.3/ports/x86_64-linux/libxml2/2.11.4/lib/libxml2.a /home/y-kawahara/fjord-books_app-2023/vendor/bundle/ruby/3.4.0/gems/nokogiri-1.15.3/ext/nokogiri/ports/x86_64-linux/libgumbo/1.0.0-nokogiri/lib/libgumbo.a -Wl,-rpath,/home/y-kawahara/.rbenv/versions/3.4.5/lib -L/home/y-kawahara/.rbenv/versions/3.4.5/lib -lruby /home/y-kawahara/fjord-books_app-2023/vendor/bundle/ruby/3.4.0/gems/nokogiri-1.15.3/ports/x86_64-linux/libxslt/1.1.38/lib/libexslt.a -lm -lz /home/y-kawahara/fjord-books_app-2023/vendor/bundle/ruby/3.4.0/gems/nokogiri-1.15.3/ports/x86_64-linux/libxml2/2.11.4/lib/libxml2.a /home/y-kawahara/fjord-books_app-2023/vendor/bundle/ruby/3.4.0/gems/nokogiri-1.15.3/ports/x86_64-linux/libxslt/1.1.38/lib/libxslt.a -lm -lz /home/y-kawahara/fjord-books_app-2023/vendor/bundle/ruby/3.4.0/gems/nokogiri-1.15.3/ports/x86_64-linux/libxml2/2.11.4/lib/libxml2.a /home/y-kawahara/fjord-books_app-2023/vendor/bundle/ruby/3.4.0/gems/nokogiri-1.15.3/ext/nokogiri/ports/x86_64-linux/libgumbo/1.0.0-nokogiri/lib/libgumbo.a -lm -lpthread  -lc"
checked program was:
/* begin */
 1: #include "ruby.h"
 2: 
 3: /*top*/
 4: extern int t(void);
 5: int main(int argc, char **argv)
 6: {
 7:   if (argc > 1000000) {
 8:     int (* volatile tp)(void)=(int (*)(void))&t;
 9:     printf("%d", (*tp)());
10:   }
11: 
12:   return !!argv[argc];
13: }
14: extern void xmlSchemaSetParserStructuredErrors();
15: int t(void) { xmlSchemaSetParserStructuredErrors(); return 0; }
/* end */

--------------------

have_func: checking for rb_gc_location()... -------------------- yes

LD_LIBRARY_PATH=.:/home/y-kawahara/.rbenv/versions/3.4.5/lib:/home/linuxbrew/.linuxbrew/opt/openssl@3/lib:/home/linuxbrew/.linuxbrew/opt/openssl@3/lib: ASAN_OPTIONS=detect_leaks=0 "gcc -o conftest -I/home/y-kawahara/.rbenv/versions/3.4.5/include/ruby-3.4.0/x86_64-linux -I/home/y-kawahara/.rbenv/versions/3.4.5/include/ruby-3.4.0/ruby/backward -I/home/y-kawahara/.rbenv/versions/3.4.5/include/ruby-3.4.0 -I. -I/home/y-kawahara/fjord-books_app-2023/vendor/bundle/ruby/3.4.0/gems/nokogiri-1.15.3/ports/x86_64-linux/libxml2/2.11.4/include/libxml2 -I/home/y-kawahara/fjord-books_app-2023/vendor/bundle/ruby/3.4.0/gems/nokogiri-1.15.3/ports/x86_64-linux/libxslt/1.1.38/include -I/home/y-kawahara/fjord-books_app-2023/vendor/bundle/ruby/3.4.0/gems/nokogiri-1.15.3/ports/x86_64-linux/libxml2/2.11.4/include/libxml2    -I/home/linuxbrew/.linuxbrew/opt/openssl@3/include -DNOKOGIRI_PACKAGED_LIBRARIES -DNOKOGIRI_LIBXML2_PATCHES="\"0001-Remove-script-macro-support.patch 0002-Update-entities-to-remove-handling-of-ssi.patch 0003-libxml2.la-is-in-top_builddir.patch 0009-allow-wildcard-namespaces.patch 0010-update-config.guess-and-config.sub-for-libxml2.patch 0011-rip-out-libxml2-s-libc_single_threaded-support.patch\"" -DNOKOGIRI_LIBXSLT_PATCHES="\"0001-update-config.guess-and-config.sub-for-libxslt.patch\"" -I/home/y-kawahara/fjord-books_app-2023/vendor/bundle/ruby/3.4.0/gems/nokogiri-1.15.3/ext/nokogiri/ports/x86_64-linux/libgumbo/1.0.0-nokogiri/include -fstack-protector-strong -U_FORTIFY_SOURCE -D_FORTIFY_SOURCE=2  -O3 -fno-fast-math -ggdb3 -Wall -Wextra -Wdeprecated-declarations -Wdiv-by-zero -Wduplicated-cond -Wimplicit-function-declaration -Wimplicit-int -Wpointer-arith -Wwrite-strings -Wold-style-definition -Wimplicit-fallthrough=0 -Wmissing-noreturn -Wno-cast-function-type -Wno-constant-logical-operand -Wno-long-long -Wno-missing-field-initializers -Wno-overlength-strings -Wno-packed-bitfield-compat -Wno-parentheses-equality -Wno-self-assign -Wno-tautological-compare -Wno-unused-parameter -Wno-unused-value -Wsuggest-attribute=format -Wsuggest-attribute=noreturn -Wunused-variable -Wmisleading-indentation -Wundef  -fPIC -std=c99 -Wno-declaration-after-statement -O2 -g -Winline -Wmissing-noreturn -Wconversion -Wno-sign-conversion conftest.c -L. -L/home/y-kawahara/.rbenv/versions/3.4.5/lib -Wl,-rpath,/home/y-kawahara/.rbenv/versions/3.4.5/lib -L/home/y-kawahara/fjord-books_app-2023/vendor/bundle/ruby/3.4.0/gems/nokogiri-1.15.3/ports/x86_64-linux/libxml2/2.11.4/lib -Wl,-rpath,/home/y-kawahara/fjord-books_app-2023/vendor/bundle/ruby/3.4.0/gems/nokogiri-1.15.3/ports/x86_64-linux/libxml2/2.11.4/lib -L/home/y-kawahara/fjord-books_app-2023/vendor/bundle/ruby/3.4.0/gems/nokogiri-1.15.3/ports/x86_64-linux/libxslt/1.1.38/lib -Wl,-rpath,/home/y-kawahara/fjord-books_app-2023/vendor/bundle/ruby/3.4.0/gems/nokogiri-1.15.3/ports/x86_64-linux/libxslt/1.1.38/lib -L/home/linuxbrew/.linuxbrew/opt/zlib/lib -Wl,-rpath,/home/linuxbrew/.linuxbrew/opt/zlib/lib -L/home/y-kawahara/fjord-books_app-2023/vendor/bundle/ruby/3.4.0/gems/nokogiri-1.15.3/ext/nokogiri/ports/x86_64-linux/libgumbo/1.0.0-nokogiri/lib -Wl,-rpath,/home/y-kawahara/fjord-books_app-2023/vendor/bundle/ruby/3.4.0/gems/nokogiri-1.15.3/ext/nokogiri/ports/x86_64-linux/libgumbo/1.0.0-nokogiri/lib -L. -fstack-protector-strong -rdynamic -Wl,-export-dynamic -Wl,--no-as-needed -L/home/linuxbrew/.linuxbrew/opt/openssl@3/lib    /home/y-kawahara/fjord-books_app-2023/vendor/bundle/ruby/3.4.0/gems/nokogiri-1.15.3/ports/x86_64-linux/libxslt/1.1.38/lib/libexslt.a -lm -lz /home/y-kawahara/fjord-books_app-2023/vendor/bundle/ruby/3.4.0/gems/nokogiri-1.15.3/ports/x86_64-linux/libxml2/2.11.4/lib/libxml2.a /home/y-kawahara/fjord-books_app-2023/vendor/bundle/ruby/3.4.0/gems/nokogiri-1.15.3/ports/x86_64-linux/libxslt/1.1.38/lib/libxslt.a -lm -lz /home/y-kawahara/fjord-books_app-2023/vendor/bundle/ruby/3.4.0/gems/nokogiri-1.15.3/ports/x86_64-linux/libxml2/2.11.4/lib/libxml2.a /home/y-kawahara/fjord-books_app-2023/vendor/bundle/ruby/3.4.0/gems/nokogiri-1.15.3/ext/nokogiri/ports/x86_64-linux/libgumbo/1.0.0-nokogiri/lib/libgumbo.a -Wl,-rpath,/home/y-kawahara/.rbenv/versions/3.4.5/lib -L/home/y-kawahara/.rbenv/versions/3.4.5/lib -lruby /home/y-kawahara/fjord-books_app-2023/vendor/bundle/ruby/3.4.0/gems/nokogiri-1.15.3/ports/x86_64-linux/libxslt/1.1.38/lib/libexslt.a -lm -lz /home/y-kawahara/fjord-books_app-2023/vendor/bundle/ruby/3.4.0/gems/nokogiri-1.15.3/ports/x86_64-linux/libxml2/2.11.4/lib/libxml2.a /home/y-kawahara/fjord-books_app-2023/vendor/bundle/ruby/3.4.0/gems/nokogiri-1.15.3/ports/x86_64-linux/libxslt/1.1.38/lib/libxslt.a -lm -lz /home/y-kawahara/fjord-books_app-2023/vendor/bundle/ruby/3.4.0/gems/nokogiri-1.15.3/ports/x86_64-linux/libxml2/2.11.4/lib/libxml2.a /home/y-kawahara/fjord-books_app-2023/vendor/bundle/ruby/3.4.0/gems/nokogiri-1.15.3/ext/nokogiri/ports/x86_64-linux/libgumbo/1.0.0-nokogiri/lib/libgumbo.a -lm -lpthread  -lc"
checked program was:
/* begin */
 1: #include "ruby.h"
 2: 
 3: /*top*/
 4: extern int t(void);
 5: int main(int argc, char **argv)
 6: {
 7:   if (argc > 1000000) {
 8:     int (* volatile tp)(void)=(int (*)(void))&t;
 9:     printf("%d", (*tp)());
10:   }
11: 
12:   return !!argv[argc];
13: }
14: int t(void) { void ((*volatile p)()); p = (void ((*)()))rb_gc_location; return !p; }
/* end */

--------------------

have_func: checking for rb_category_warning()... -------------------- yes

LD_LIBRARY_PATH=.:/home/y-kawahara/.rbenv/versions/3.4.5/lib:/home/linuxbrew/.linuxbrew/opt/openssl@3/lib:/home/linuxbrew/.linuxbrew/opt/openssl@3/lib: ASAN_OPTIONS=detect_leaks=0 "gcc -o conftest -I/home/y-kawahara/.rbenv/versions/3.4.5/include/ruby-3.4.0/x86_64-linux -I/home/y-kawahara/.rbenv/versions/3.4.5/include/ruby-3.4.0/ruby/backward -I/home/y-kawahara/.rbenv/versions/3.4.5/include/ruby-3.4.0 -I. -I/home/y-kawahara/fjord-books_app-2023/vendor/bundle/ruby/3.4.0/gems/nokogiri-1.15.3/ports/x86_64-linux/libxml2/2.11.4/include/libxml2 -I/home/y-kawahara/fjord-books_app-2023/vendor/bundle/ruby/3.4.0/gems/nokogiri-1.15.3/ports/x86_64-linux/libxslt/1.1.38/include -I/home/y-kawahara/fjord-books_app-2023/vendor/bundle/ruby/3.4.0/gems/nokogiri-1.15.3/ports/x86_64-linux/libxml2/2.11.4/include/libxml2    -I/home/linuxbrew/.linuxbrew/opt/openssl@3/include -DNOKOGIRI_PACKAGED_LIBRARIES -DNOKOGIRI_LIBXML2_PATCHES="\"0001-Remove-script-macro-support.patch 0002-Update-entities-to-remove-handling-of-ssi.patch 0003-libxml2.la-is-in-top_builddir.patch 0009-allow-wildcard-namespaces.patch 0010-update-config.guess-and-config.sub-for-libxml2.patch 0011-rip-out-libxml2-s-libc_single_threaded-support.patch\"" -DNOKOGIRI_LIBXSLT_PATCHES="\"0001-update-config.guess-and-config.sub-for-libxslt.patch\"" -I/home/y-kawahara/fjord-books_app-2023/vendor/bundle/ruby/3.4.0/gems/nokogiri-1.15.3/ext/nokogiri/ports/x86_64-linux/libgumbo/1.0.0-nokogiri/include -fstack-protector-strong -U_FORTIFY_SOURCE -D_FORTIFY_SOURCE=2  -O3 -fno-fast-math -ggdb3 -Wall -Wextra -Wdeprecated-declarations -Wdiv-by-zero -Wduplicated-cond -Wimplicit-function-declaration -Wimplicit-int -Wpointer-arith -Wwrite-strings -Wold-style-definition -Wimplicit-fallthrough=0 -Wmissing-noreturn -Wno-cast-function-type -Wno-constant-logical-operand -Wno-long-long -Wno-missing-field-initializers -Wno-overlength-strings -Wno-packed-bitfield-compat -Wno-parentheses-equality -Wno-self-assign -Wno-tautological-compare -Wno-unused-parameter -Wno-unused-value -Wsuggest-attribute=format -Wsuggest-attribute=noreturn -Wunused-variable -Wmisleading-indentation -Wundef  -fPIC -std=c99 -Wno-declaration-after-statement -O2 -g -Winline -Wmissing-noreturn -Wconversion -Wno-sign-conversion conftest.c -L. -L/home/y-kawahara/.rbenv/versions/3.4.5/lib -Wl,-rpath,/home/y-kawahara/.rbenv/versions/3.4.5/lib -L/home/y-kawahara/fjord-books_app-2023/vendor/bundle/ruby/3.4.0/gems/nokogiri-1.15.3/ports/x86_64-linux/libxml2/2.11.4/lib -Wl,-rpath,/home/y-kawahara/fjord-books_app-2023/vendor/bundle/ruby/3.4.0/gems/nokogiri-1.15.3/ports/x86_64-linux/libxml2/2.11.4/lib -L/home/y-kawahara/fjord-books_app-2023/vendor/bundle/ruby/3.4.0/gems/nokogiri-1.15.3/ports/x86_64-linux/libxslt/1.1.38/lib -Wl,-rpath,/home/y-kawahara/fjord-books_app-2023/vendor/bundle/ruby/3.4.0/gems/nokogiri-1.15.3/ports/x86_64-linux/libxslt/1.1.38/lib -L/home/linuxbrew/.linuxbrew/opt/zlib/lib -Wl,-rpath,/home/linuxbrew/.linuxbrew/opt/zlib/lib -L/home/y-kawahara/fjord-books_app-2023/vendor/bundle/ruby/3.4.0/gems/nokogiri-1.15.3/ext/nokogiri/ports/x86_64-linux/libgumbo/1.0.0-nokogiri/lib -Wl,-rpath,/home/y-kawahara/fjord-books_app-2023/vendor/bundle/ruby/3.4.0/gems/nokogiri-1.15.3/ext/nokogiri/ports/x86_64-linux/libgumbo/1.0.0-nokogiri/lib -L. -fstack-protector-strong -rdynamic -Wl,-export-dynamic -Wl,--no-as-needed -L/home/linuxbrew/.linuxbrew/opt/openssl@3/lib    /home/y-kawahara/fjord-books_app-2023/vendor/bundle/ruby/3.4.0/gems/nokogiri-1.15.3/ports/x86_64-linux/libxslt/1.1.38/lib/libexslt.a -lm -lz /home/y-kawahara/fjord-books_app-2023/vendor/bundle/ruby/3.4.0/gems/nokogiri-1.15.3/ports/x86_64-linux/libxml2/2.11.4/lib/libxml2.a /home/y-kawahara/fjord-books_app-2023/vendor/bundle/ruby/3.4.0/gems/nokogiri-1.15.3/ports/x86_64-linux/libxslt/1.1.38/lib/libxslt.a -lm -lz /home/y-kawahara/fjord-books_app-2023/vendor/bundle/ruby/3.4.0/gems/nokogiri-1.15.3/ports/x86_64-linux/libxml2/2.11.4/lib/libxml2.a /home/y-kawahara/fjord-books_app-2023/vendor/bundle/ruby/3.4.0/gems/nokogiri-1.15.3/ext/nokogiri/ports/x86_64-linux/libgumbo/1.0.0-nokogiri/lib/libgumbo.a -Wl,-rpath,/home/y-kawahara/.rbenv/versions/3.4.5/lib -L/home/y-kawahara/.rbenv/versions/3.4.5/lib -lruby /home/y-kawahara/fjord-books_app-2023/vendor/bundle/ruby/3.4.0/gems/nokogiri-1.15.3/ports/x86_64-linux/libxslt/1.1.38/lib/libexslt.a -lm -lz /home/y-kawahara/fjord-books_app-2023/vendor/bundle/ruby/3.4.0/gems/nokogiri-1.15.3/ports/x86_64-linux/libxml2/2.11.4/lib/libxml2.a /home/y-kawahara/fjord-books_app-2023/vendor/bundle/ruby/3.4.0/gems/nokogiri-1.15.3/ports/x86_64-linux/libxslt/1.1.38/lib/libxslt.a -lm -lz /home/y-kawahara/fjord-books_app-2023/vendor/bundle/ruby/3.4.0/gems/nokogiri-1.15.3/ports/x86_64-linux/libxml2/2.11.4/lib/libxml2.a /home/y-kawahara/fjord-books_app-2023/vendor/bundle/ruby/3.4.0/gems/nokogiri-1.15.3/ext/nokogiri/ports/x86_64-linux/libgumbo/1.0.0-nokogiri/lib/libgumbo.a -lm -lpthread  -lc"
checked program was:
/* begin */
 1: #include "ruby.h"
 2: 
 3: /*top*/
 4: extern int t(void);
 5: int main(int argc, char **argv)
 6: {
 7:   if (argc > 1000000) {
 8:     int (* volatile tp)(void)=(int (*)(void))&t;
 9:     printf("%d", (*tp)());
10:   }
11: 
12:   return !!argv[argc];
13: }
14: int t(void) { void ((*volatile p)()); p = (void ((*)()))rb_category_warning; return !p; }
/* end */

--------------------

append_cppflags: checking for whether -DNOKOGIRI_OTHER_LIBRARY_VERSIONS="\"libgumbo:1.0.0-nokogiri\"" is accepted as CPPFLAGS... -------------------- yes

LD_LIBRARY_PATH=.:/home/y-kawahara/.rbenv/versions/3.4.5/lib:/home/linuxbrew/.linuxbrew/opt/openssl@3/lib:/home/linuxbrew/.linuxbrew/opt/openssl@3/lib: ASAN_OPTIONS=detect_leaks=0 "gcc -I/home/y-kawahara/.rbenv/versions/3.4.5/include/ruby-3.4.0/x86_64-linux -I/home/y-kawahara/.rbenv/versions/3.4.5/include/ruby-3.4.0/ruby/backward -I/home/y-kawahara/.rbenv/versions/3.4.5/include/ruby-3.4.0 -I. -I/home/y-kawahara/fjord-books_app-2023/vendor/bundle/ruby/3.4.0/gems/nokogiri-1.15.3/ports/x86_64-linux/libxml2/2.11.4/include/libxml2 -I/home/y-kawahara/fjord-books_app-2023/vendor/bundle/ruby/3.4.0/gems/nokogiri-1.15.3/ports/x86_64-linux/libxslt/1.1.38/include -I/home/y-kawahara/fjord-books_app-2023/vendor/bundle/ruby/3.4.0/gems/nokogiri-1.15.3/ports/x86_64-linux/libxml2/2.11.4/include/libxml2    -I/home/linuxbrew/.linuxbrew/opt/openssl@3/include -DNOKOGIRI_PACKAGED_LIBRARIES -DNOKOGIRI_LIBXML2_PATCHES="\"0001-Remove-script-macro-support.patch 0002-Update-entities-to-remove-handling-of-ssi.patch 0003-libxml2.la-is-in-top_builddir.patch 0009-allow-wildcard-namespaces.patch 0010-update-config.guess-and-config.sub-for-libxml2.patch 0011-rip-out-libxml2-s-libc_single_threaded-support.patch\"" -DNOKOGIRI_LIBXSLT_PATCHES="\"0001-update-config.guess-and-config.sub-for-libxslt.patch\"" -I/home/y-kawahara/fjord-books_app-2023/vendor/bundle/ruby/3.4.0/gems/nokogiri-1.15.3/ext/nokogiri/ports/x86_64-linux/libgumbo/1.0.0-nokogiri/include -fstack-protector-strong -U_FORTIFY_SOURCE -D_FORTIFY_SOURCE=2  -O3 -fno-fast-math -ggdb3 -Wall -Wextra -Wdeprecated-declarations -Wdiv-by-zero -Wduplicated-cond -Wimplicit-function-declaration -Wimplicit-int -Wpointer-arith -Wwrite-strings -Wold-style-definition -Wimplicit-fallthrough=0 -Wmissing-noreturn -Wno-cast-function-type -Wno-constant-logical-operand -Wno-long-long -Wno-missing-field-initializers -Wno-overlength-strings -Wno-packed-bitfield-compat -Wno-parentheses-equality -Wno-self-assign -Wno-tautological-compare -Wno-unused-parameter -Wno-unused-value -Wsuggest-attribute=format -Wsuggest-attribute=noreturn -Wunused-variable -Wmisleading-indentation -Wundef  -fPIC -std=c99 -Wno-declaration-after-statement -O2 -g -Winline -Wmissing-noreturn -Wconversion -Wno-sign-conversion  -DNOKOGIRI_OTHER_LIBRARY_VERSIONS="\"libgumbo:1.0.0-nokogiri\"" -Werror -c conftest.c"
checked program was:
/* begin */
1: #include "ruby.h"
2: 
3: int main(int argc, char **argv)
4: {
5:   return !!argv[argc];
6: }
/* end */

--------------------

